Name,Synonym
Abietinsäure,
Acesulfam,E 950
Acetale,
Acetaldehyd,Ethanal
Acetamid,
Acetaminophen,Paracetamol
Acetanhydrid,Essigsäureanhydrid
Acetessigester,
Aceton,Propanon
Acetophenon,Methylphenylketon
Acetosyringon,
2-Acetoxybenzoesäure,Acetylsalicylsäure
Acetylaceton,Pentan-2
Acetylaceton,4-dion
N-Acetyl-4-aminophenol,Paracetamol
Acetylcholin,
Acetylen,Ethin
Acetylendicarbonsäuredimethylester,
Acetylformoin,
Acetylsalicylsäure,2-Acetoxybenzoesäure
Acetylsalicylsäure,ASS
Acetylsalicylsäure,Aspirin®
Acetonitril,
Aconitsäure,
Acrolein,Propenal
Acrylaldehyd,Propenal
Acrylamid,
Acrylcyanat,
Acrylnitril,
Acrylsäure,Propensäure
Actinium,
Adamantan,
Adenin,
Adenosindiphosphat,ADP
Adenosintriphosphat,ATP
Adipinsäure,Hexandisäure
Adiponitril,
Adrenalin,Epinephrin
Adrenochrom,
Aerozin 50,
Aethusin,
AIBN,Azobisisobutyronitril
Aktivkohle,
Alan,Aluminiumhydrid
Alanin,α-Aminopropionsäure
Alaun,
Alditole,
Alizarin,
Alizarin-Aluminium-Calciumkomplex,
Alkaloide,
Alkane,
Alkanole,
Alkene,
Alkine,
Alkohol,Ethanol
Alkoholate,
Alkohole,
Alkylphosphonsäure,
Alkylsulfonsäure,Artikel Sulfonsäuren und Sulfonate
Allopurinol,
Allylalkohol,2-Propen-1-ol
Aluminium,
Aluminiumacetat,Aluminiumacetate
Aluminiumamalgam,
Aluminiumantimonid,
Aluminiumbromid,
Aluminiumcarbid,
Aluminiumchlorat,
Aluminiumchlorid,
Aluminiumchlorohydrat,
Aluminiumdiacetat,Essigsaure Tonerde
Aluminiumfluorid,
Aluminiumhydrid,Alan
Aluminiumhydroxid,Tonerde
Aluminiumkaliumsulfat-dodecahydrat,Kaliumaluminiumsulfat
Aluminiummetaphosphat,
Aluminiummonoacetat,Aluminiumacetate
Aluminiumnatriumsulfat,
Aluminiumnitrat,
Aluminiumnitrid,
Aluminiumjodid,
Aluminiumorthophosphat,Aluminiumphosphat
Aluminiumoxid,
Aluminiumoxidhydrat,Aluminiumhydroxid
Aluminiumoxidhydroxid,Aluminiumhydroxid
Aluminiumphosphat,
Aluminiumphosphid,
Aluminiumsulfat,
Aluminiumsulfid,
Aluminiumtriacetat,Aluminiumacetate
Aluminiumwasserstoff,Aluminiumhydrid
Amalgam,
Amanin,
Ambrein,
Ameisensäure,Methansäure
Americium,
Amidoschwarz,
Amidosulfonsäure,
Amine,
Aminoazobenzol,
Aminobenzol,Anilin
4-Aminobenzolsulfonsäure,Sulfanilsäure
1-Aminobutan,
2-Amino-4-carbamoyl-butansäure,Glutamin
Aminoessigsäure,Glycin
2-Amino-3-hydroseleno-propansäure,Selenocystein
2-Amino-3-hydroxy-butansäure,Threonin
2-Amino-3-hydroxy-propan-1-säure,Serin
2-Amino-3-mercapto-propansäure,Cystein
Aminomethan,Methylamin
2-Amino-3-methyl-butansäure,Valin
2-Amino-1-,3
2-Amino-1-,4-methylendioxyphenyl)butan (BDB
2-Amino-4-methylmercapto-buttersäure,Methionin
2-Amino-4-methylpentan-1-säure,Leucin
2-Amino-3-methyl-valeriansäure,Isoleucin
2-Aminopentandisäure,Glutaminsäure
2-Amino-3-phenyl-propionsäure,Phenylalanin
2-Aminopropansäure,Alanin
Aminopterin,
2-Aminopyridin,
4-Aminopyridin,
5-Aminosalicylsäure,
"5-Amino-1,2,3,4-tetrahydrophthalazin-1,4-dion",Luminol
Amitrol,
Ammoniak,
Ammoniaksalz,Ammoniumchlorid
Ammonium,-Ion
Ammoniumacetat,
Ammoniumalaun,Ammoniumaluminiumsulfat-Dodecahydrat
Ammoniumaluminiumsulfat-Dodecahydrat,Ammoniumalaun
Ammoniumamalgam,
Ammoniumbituminosulfonat,
Ammoniumbromid,
Ammoniumcarbamat,
Ammoniumcarbonat,
Ammoniumchlorid,Ammoniaksalz
Ammoniumchlorid,Salmiak
Ammoniumchlorid,Lötstein
Ammoniumcitrat,
Ammoniumcyanid,
Ammoniumcyanat,
Ammoniumdichromat,
Ammoniumdihydrogenphosphat,
Ammoniumeisenalaun,Ammoniumeisen(III)-sulfat
Ammoniumeisen(III)-citrat,
Ammoniumeisen,II)-sulfat (Mohrsches Salz
Ammoniumeisen,III)-sulfat (Ammoniumeisenalaun
Ammoniumfluorid,
Ammoniumhexachlorostannat,
Ammoniumhydrogencarbonat,
Ammoniumhydrogendifluorid,
Ammoniumhydrogenfluorid,
Ammoniumhydrogensulfat,
Ammoniumhydrogensulfid,
Ammoniumhydroxid,Salmiakgeist
Ammoniumiodat,
Ammoniumiodid,
Ammoniummagnesiumphosphat,
Ammoniummolybdat,
Ammoniummuriat,Ammoniumchlorid
Ammoniumnatriumhydrogenphosphat,
Ammoniumnitrat,Ammonsalpeter
Ammoniumnitrit,
Ammoniumoxalat,
Ammonium-oxalatoferrat,III
Ammoniumperchlorat,
Ammoniumperoxodisulfat,Ammoniumpersulfat
Ammoniumpersulfat,
Ammoniumphosphat,
Ammoniumphthalat,
Ammoniumpikrat,
Ammoniumrhodanid,Ammoniumthiocyanat
Ammoniumsulfat,
Ammoniumsulfid,
Ammoniumthiocyanat,Ammoniumrhodanid
Ammonsalpeter,Ammoniumnitrat
Amylalkohol,1-Pentanol
Amylhydrid,Pentan
Amylnitrat,
Amylnitrit,
Anilin,Aminobenzol
Anilinrot,Fuchsin
Anisol,Methylphenylether
Anol,Cyclohexanol
Anthracen,
Anthrachinon,
Anthranilsäure,
Anthron,
Antimon,
Antimon(V)-fluorid,
Antimonige Säure,
Antimonit,Stibnit
Antimon(III)-oxid,
Antimonoxychlorid,
Antimonpentaoxid,
Antimonpentasulfid,
Antimonsäure,
Antimontetroxid,
Antimon(III)-fluorid,
Antimontrioxid,Antimon(III)-oxid
Antimontrisulfid,Stibnit
Antimonwasserstoff,Stiban
Äpfelsäure,
Apiol,
Apixaban,
Aqualin,Propenal
Arginin,
Argon,
Arsen,
Arsenate,
Arsen(III)-chlorid,
Arsen(III)-fluorid,
Arsen(V)-fluorid,
Arsenige Säure,
Arsenik,Arsen(III)-oxid
Arsen,III)-oxid (Arsenik
Arsen(V)-oxid,
Arsenpentachlorid,
Arsensäure,
Arsen(III)-sulfid,
Arsensulfide,
Arsenwasserstoff,Arsin
Arsin,Arsenwasserstoff
Asbest,
Ascorbinsäure,Vitamin C
Asparagin,
Asparaginsäure,
Aspartam,
Aspirin®,Acetylsalicylsäure
Astat,
Äther,Diethylether
Atrazin,
Atropin,dl-Hyoscyamin
Ätznatron,Natriumhydroxid
Axerophthol,Retinol
Azabenzol,Pyridin
Azacyclohexan,Piperidin
Azin,Pyridin
Azinan,Piperidin
Azobisisobutyronitril,AIBN
Azofarbstoff,
Azol,Pyrrol
Azulen,
Azulin,
Backpulver,
Baclofen,
Barbitursäure,
Barium,
Bariumcarbonat,
Bariumchlorid,
Bariumchromat,
Bariumhydroxid,
Bariumnitrat,Barytsalpeter
Bariumoxid,
Bariumperchlorat,
Bariumperoxid,
Bariumsulfat,Schwerspat
Bariumsulfid,
Bariumtitanat,
Barytsalpeter,Bariumnitrat
Barytwasser,
Bayerit,
Bentazon,
Benzaldehyd,
Benzalkoniumchlorid,
Benzen,Benzol
Benzidin,
Benzin,
Benzisothiazolinon,BIT
Benzoesäure,
Benzoesäuresulfimid,Saccharin
Benzofuran,Cumaron
"2-Benzofuran-1,3-dion",Phthalsäureanhydrid
Benzoin,
Benzol,Benzen
"1,2-Benzoldicarbonsäure",Phthalsäure
"1,3-Benzoldicarbonsäure",Isophthalsäure
"1,4-Benzoldicarbonsäure",Terephthalsäure
"Benzol-1,4-diol",Hydrochinon
Benzonitril,
Benzo[a]pyren,Benzpyren
"2,3-Benzopyrrol",Indol
Benzothiophen,Thianaphthen
Benzotriazol,
Benzoylchlorid,
Benzoylfluorid,
Benzoylperoxid,Dibenzoylperoxid
Benzpyren,Benzo[a]pyren
Benzylalkohol,Phenylmethanol
Benzylbromid,
Benzylchlorid,
Bergapten,
Berkelium,
Berliner Blau,Eisen(III)-hexacyanoferrat(II)
Bernsteinsäure,Butandisäure
Bernsteinsäure,Succinylsäure
Beryllium,
Berylliumchlorid,
Berylliumfluorid,
Berylliumhydrid,
Berylliumhydroxid,
Berylliumoxid,
Berylliumsulfat,
Bestatin,
Betain,Trimethylammoniumacetat
Betaxolol,
Betulin,
Biotin,Vitamin H
Birnenether,
Bisabolol,
Bismut,
Bismutan,Bismutwasserstoff
Bismutwasserstoff,Bismutan
Bisphenol,
BisTris (Bis(2-hydroxyethyl)amino-,
tris,hydroxymethyl)methan
Blausäure,Cyanwasserstoff
Blei,
Blei,II)-acetat (Bleizucker
Blei(IV)-acetat,
Bleiazid,
Blei(II)-bromid,
Blei(II)-carbonat,
Bleichkalk,Chlorkalk
Blei(II)-chlorid,
Blei,II)-chromat (Chromgelb
Blei,Königsgelb
Blei,Parisergelb
Bleidistearat,
Blei(II)-hydroxid,
Blei(II)-iodid,
Blei(II)-nitrat,
Bleioxide,
Blei(II)-oxid,
Blei,II
Blei,IV)-oxid (Mennige
Blei(IV)-oxid,
Bleistyphnat,
Blei,II)-sulfat (Bleivitriol
Blei(II)-sulfid,
Bleitetraethyl,Tetraethylblei
Bleivitriol,Blei(II)-sulfat
Bleiweiß,
Bleizucker,Blei(II)-acetat
Böhmit,
Bohrium,
Bombykol,
Bor,
Borax,Natriumtetraborat
Borazin,Borazol
Borazol,Borazin
Borcarbid,
Borethan,Diboran
Boride,
Borneol,
Bornitrid,
Borsäure,
Borsäureanhydrid,Bortrioxid
Borsäuretriethylester,
Borsäuretrimethylester,
Borsulfid,
Bortribromid,
Bortrifluorid,
Bortrioxid,Borsäureanhydrid
Branntkalk,Calciumoxid
Braunstein,Mangandioxid
Brechweinstein,Kaliumantimonyltartrat
Brenzcatechin,1
Brenzcatechin,2-Dihydroxybenzol
Brom,
Brombenzol,
Brombenzylcyanid,
1-Brombutan,
Bromcyanid,
Bromessigsäureethylester,
Bromethan,
2-Bromethanol,
Brommethan,Methylbromid
Bromoform,Tribrommethan
Bromoxynil,
Bromsäure,
Bromthymolblau,BTB
Bromtoluol,
Bromwasser,
Bromwasserstoff,
Bromwasserstoffsäure,
Bullvalen,
Brucit,
Butadien,Vinylethylen
"1,2-Butadien",
"1,3-Butadien",Butadien
Butan,
Butandiol,
"1,4-Butandiol",
"2,3-Butandiol",
Butandisäure,Bernsteinsäure
Butanole,
1-Butanol,
2-Butanol,
iso-Butanol,2-Methyl-1-propanol
tert-Butanol,2-Methyl-2-propanol
2-Butanon,Methylethylketon
Butansäure,Buttersäure
Butansäureethylester,
Buten,Butylen
2-Butenal,Crotonaldehyd
cis-Butendisäure,Maleinsäure
trans-Butendisäure,Fumarsäure
1-Butin,Ethylacetylen
2-Butin,Dimethylacetylen
2-Butindinitril,Dicyanoethin
"2-Butin-1,4-diol",
Buttersäure,Butansäure
Buttersäuremethylester,
Butylacetat,
Butylamin,
Butyldiglykol,
Butylen,Buten
Butyllithium,n-BuLi
tert-Butyllithium,t-BuLi
γ-Butyrolacton,4-Butyrolacton
Cadaverin,1
Cadaverin,5-Diaminopentan
Cadmium,
Cadmium(II)-chlorid,
Cadmiumhydroxid,
Cadmiumiodat,
Cadmium(II)-iodid,
Cadmium(II)-oxid,
Cadmiumselenid,
Cadmiumsulfat,
Cadmiumsulfid,
Cadmiumtellurid,
Caesium,
Caesiumchlorid,
Caesiumfluorid,
Caesiumhydrid,
Caesiumhydroxid,
Caesiumhyperoxid,
Calciferol,Vitamin D
Calcium,
Calciumacetat,
Calciumacetylid,Calciumcarbid
Calciumcarbid,Calciumacetylid
Calciumcarbonat,Kalk
Calciumchlorid,Fluorit
Calciumchlorid,Flussspat
Calciumchlorid-hypochlorit,Chlorkalk
Calciumcitrat,
Calciumcyanamid,
Calciumdihydrogenphosphat,
Calciumdinatriumethylendiamintetraacetat,
Calciumfluorid,
Calciumgluconat,
Calciumhexacyanoferrat,
Calciumhydrid,
Calciumhydrogencarbonat,
Calciumhydrogenphosphat,
Calciumhydroxid,Löschkalk
Calciumhypochlorit,
Calciumlactatgluconat,
Calciumnitrat,
Calciumoxalat,
Calciumoxid,Branntkalk
Calciumphosphat,
Calciumpropionat,
Calcium-5-ribonucleotid,
Calciumsorbat,
Calciumsulfat,Gips
Calciumsulfid,
Californium,
cAMP,Zyklisches Adenosinmonophosphat
Campher,Kampfer
Cantharidin,
Caprinsäure,Decansäure
Capronalkohol,Hexanol
Capronsäure,Hexansäure
Caprylsäure,Octansäure
Capsaicin,
Carbamid,Harnstoff
Carbazol,
Carbendazim,
Carbonsäureester,
Carbonylchlorid,Phosgen
Carbonylfluorid,Difluormethanal
Cellobiose,Zellobiose
Celluloseacetat,
Cer,
Cer(III)-chlorid,
Cerdioxid,
Cer(III)-nitrat,
Cer(IV)-sulfat,
Cetylalkohol,1-Hexadecanol
Cetylstearylalkohol,
Chilesalpeter,Natriumnitrat
Chinchonidin,
Chinin,
Chinizarin,
Chinol,Hydrochinon
Chlor,
2-Chlorbenzyliden-malonsäuredinitril,
"2-Chlorbuta-1,3-dien",Chloropren
Chlorcyan,Cyanchlorid
Chlordan,
Chlordioxid,Chloroxide
"1-Chlor-2,3-epoxypropan",Epichlorhydrin
Chlorige Säure,
Chlorkalk,Calciumchlorid-hypochlorit
Chlorkalk,Bleichkalk) (Calciumhypochlorit
Chlormethan,Methylchlorid
Chlormethylisothiazolinon,
Chloroform,Trichlormethan
Chlorophyll,
Chloropren,2-Chlorbuta-1
Chloropren,3-dien
Chloroxide,
Chlorpikrin,Trichlornitromethan
Chlorpropham,
Chlorsäure,
Chlorsulfonsäure,
Chlorwasser,
Chlorwasserstoff,Wasserstoffchlorid
Chlorwasserstoffsäure,Salzsäure
Chinolin,
Chinolingelb,
Cholesterin,Cholesterol
Cholesterol,Cholesterin
Cholin,
Chrom,
Chrom(II)-acetat,
Chromate,
Chrom(III)-chlorid,
Chromgelb,Blei(II)-chromat
Chrom(III)-nitrat,
Chrom(III)-nitrid,
Chrom(II)-oxid,
Chrom(III)-oxid,
Chrom(IV)-oxid,
Chrom(VI)-oxid,
Chromsäure,
Chromschwefelsäure,
Chrom(III)-sulfat,
Cicutoxin,
Cimetidin,
"1,8-Cineol",
Cinnabarit,Quecksilber(II)-sulfid
Citronellol,
Citronensäure,Zitronensäure
Clobetasolpropionat,
Clonidin,
Cobalamine,Vitamin B12
Cobalt,
Cobalt(II)-chlorid,
Cobalteisenstein,
Cobalt(III)-fluorid,
Cobaltocen,
Cobalt(II)-oxid,
"Cobalt(II,III)-oxid",
Cobalt(II)-sulfat,
Cocain,Kokain
Codein,Methylmorphin
Coelestin,Strontiumsulfat
Coffein,Koffein
Colchicin,
Conhydrin,
Coniin,
Corrin,
Covellit,Kupfer(II)-sulfid
Crotonaldehyd,2-Butenal
Cumarin,
Cumaron,Benzofuran
Curcumagelb,Curcumin
Curcumin,Curcumagelb
Curium,
Cyan,Dicyan
Cyanchlorid,Chlorcyan
Cyanessigsäure,
Cyanide,
Cyankali,Kaliumcyanid
Cyannatrium,Natriumcyanid
Cyansäure,
Cyanursäure,
Cyanwasserstoff,
Cycloalkane,
Cycloalliin,
Cyclobutan,
Cyclodextrine,CD
Cycloheptan,
Cycloheptatrien,
Cyclohexan,Naphthen
Cyclohexanol,Anol
Cyclohexanol,Hexalin
Cyclohexanol,Hydralin
Cyclohexatrien,Benzol
Cyclohexen,1
Cyclohexen,2
Cyclohexen,3
Cyclohexen,4-Tetrahydrobenzol
2-Cyclohexen-1-on,
Cyclohexylamin,
Cyclopentan,Pentamethylen
Cyclophosphamid,
Cyclopropan,Trimethylen
Cyclopropylamin,
Cyproconazol,
Cyprodinil,
Cystein,2-Amino-3-mercapto-propansäure
Cytosin,
Damascenin,
Darmstadtium,
DDT,Dichlordiphenyltrichlorethan
Decabromdiphenylether,DecaBDE
Decalin,
1-Decanol,
Decansäure,Caprinsäure
Decan,
Demecolcin,
Deuterium,
Dewar-Benzol,
Dextrane,
Diacetonalkohol,DAA
Diacetyldioxim,Dimethylglyoxim
Diacetylmorphin,Heroin
Diamantgrün,Malachitgrün
Diamid,Hydrazin
Diaminodinitroethylen,
"1,2-Diaminoethan",Ethylendiamin
"2,6-Diamino-hexansäure",Lysin
"1,5-Diaminopentan",Cadaverin
"2,4-Diaminopyrimidin",
"2,4-Diaminotoluol",
Diammoniumhydrogenphosphat,Gärsalz
Diarsan,
Diarsentetraiodid,
Diarsentrioxid,Arsenik
Diaspor,
"1,4-Diazabenzol",Pyrazin
Diazan,Hydrazin
"1,3-Diaza-2,4-cyclopentadien",Imidazol
Diazepam,
"1,3-Diazin",Pyrimidin
"1,4-Diazin",Pyrazin
Dibenzofuran,DBF
Diazinon,
Dibenzoylperoxid,Benzoylperoxid
Diboran,Borethan
Diboran,Diborhexahydrid
Diborhexahydrid,Diboran
Dibromcyclohexadien,
"1,2-Dibromethan",
Dibutylamin,
Dichlordiphenyltrichlorethan,
"1,1-Dichlorethen",
"1,2-Dichlorethen",
Dichlorethylen,
Dichlormethan,Methylenchlorid
Dichloroctylisothiazolinon,
"2,2-Dichlorvinyl-dimethyl-phosphat",
Dichlorvos,2
Dichlorvos,2-Dichlorvinyl-dimethyl-phosphat
Dichromsäure,
Dicyanoethin,2-Butindinitril
Diethanolamin,
Diethylaluminiumchlorid,
Diethylazodicarboxylat,
Diethylenglykol,
Diethylether,Ether
Diethylether,Äther
Diethylhexylphthalat,Phthalsäuredioctylester
Diethylsulfat,Schwefelsäurediethylester
Difluormethanal,Carbonylfluorid
Dihydrocarveol,
Dihydroxyaceton,
"1,2-Dihydroxybenzol",Brenzcatechin
"1,3-Dihydroxybenzol",Resorcin
"1,4-Dihydroxybenzol",Hydrochinon
Dihydroxybernsteinsäure,Weinsäure
"2,2-Dihydroxyindan-1,3-dion",Ninhydrin
"6,8-Dihydroxypurin",Xanthin
"3,4-Dihydroxyzimtsäure",Kaffeesäure
Diisobutylaluminiumhydrid,
Diisopropylethylamin,
Diketen,
Diketogulonsäure,
Dimercaptoisotrithion,
Dimethoat,
Dimethylacetamid,
Dimethylacetylen,2-Butin
Dimethylallylpyrophosphat,
Dimethylamin,
4-Dimethylamino-azobenzol,
Dimethylaminobenzaldehyd,
Dimethylaminoethanol,
4-Dimethylaminophenol,
4-(Dimethylamino)-pyridin,
Dimethylarsinsäure,
Dimethylbenzol,Xylol
Dimethylformamid,DMF
Dimethylgelb,
"1,1-Dimethylhydrazin",
Dimethylglyoxim,Diacetyldioxim
Dimethylphenylendiamin,
Dimethylsulfat,Schwefelsäuredimethylester
Dimethylsulfit,
Dimethyltryptamin,
"3,7-Dimethylxanthin",Theobromin
"1,3-Dimethylxanthin",Theophyllin
Dinitrophenol,DNP
"2,4-Dinitrophenylhydrazin",DNPH
"2,4-Dinitrotoluol",
DIOP,O-Isopropyliden-2
DIOP,3-dihydroxy-1
DIOP,4-bis(diphenylphosphino)butan
"1,4-Dioxan",
"1,4-Dioxin",
Dioxine,
Diphenylenketon,Fluorenon
Diphenylamin,
Diphosgen,
Dipicolinsäure,
Dischwefelsäure,Pyroschwefelsäure
Dischwefelsäure,Oleum
Distickstoffmonoxid,Lachgas
Disulfoton,
Dithioerythritol,DTE
Dithiothreitol,DTT
DMAPP (siehe Dimethylallylpyrophosphat,
Dodecanol,
Dodekakohlenstoffnonaoxid,Mellitsäuretrianhydrid
Dopamin,DA
Dubnium,
Dysprosium,
Ectoin,
EDTA,Ethylendiamintetraacetat
Einsteinium,
Eisen,
Eisen(II)-carbonat,
Eisen(II)-chlorid,
Eisen(III)-chlorid,
Eisen(II)-chlorid-Tetrahydrat,
Eisenhydroxid,
Eisen(II)-hydroxid,
Eisen(III)-hydroxid,
Eisen(II)-nitrat,
Eisen(III)-nitrat,
Eisen(II)-oxalat,
Eisenoxide wie,
Eisen(II)-oxid,
Eisen,II
Eisen,III)-oxid (Magnetit
Eisen,III)-oxid (Hämatit
Eisen,II)-sulfat (Eisenvitriol
Eisen(III)-sulfat,
Eisen,II)-sulfid (Schwefeleisen
Eisen,III)-hexacyanoferrat(II) (Berliner Blau
Eisen(III)-oxidhydroxid,
Eisen(III)-rhodanid,
Eisen(III)-sulfid,
Eisencarbid,
Eisengluconat,
Eisennitrid,
Eisenvitriol,Eisen(II)-sulfat
Eisessig,Essigsäure
Eosin,
Ephedrin,
Epibatidin,
Epichlorhydrin,1-Chlor-2
Epichlorhydrin,3-epoxypropan
Epinephrin,Adrenalin
"1,2-Epoxipropan",Propylenoxid
Erbium,
Erythrit,
Essigsäure,Ethansäure
Essigsäurealdehyd,Acetaldehyd
Essigsäureamylester,
Essigsäureanhydrid,Acetanhydrid
Essigsäureethylester,Ethylacetat
Essigsaure Tonerde,Aluminiumdiacetat
Estradiol,Östradiol
Ethan,
Ethanal,Acetaldehyd
Ethanol,Ethylalkohol
"Ethan-1,2-diol",Ethylenglykol
Ethandisäure,Oxalsäure
Ethansäure,Essigsäure
Ethanthiol,Ethylmercaptan
Ethen,Ethylen
Ethenol,
Ether,
Ether,Diethylether
Ethidiumbromid,
Ethin,Acetylen
2-Ethoxyethanol,
Ethylacetat,Essigsäureethylester
Ethylacetylen,1-Butin
Ethylaldehyd,Acetaldehyd
Ethylalkohol,Ethan
Ethylamin,
Ethylcarbamat,Urethan
Ethylencarbonat,
Ethylen,Ethen
Ethylendiamin,1
Ethylendiamin,2-Diaminoethan
Ethylendiamindibernsteinsäure,
Ethylendiamintetraessigsäure,EDTA
Ethylformiat,
Ethylenglykol,1
Ethylenglykol,2-Ethandiol
Ethylenoxid,Oxiran
Ethylenthioharnstoff,
Ethylenvinylacetat,EVAC
2-Ethyl-hexanol,
Ethylmercaptan,Ethanthiol
Eulan,
Europium,
Evenkit,n-Tetracosan
Farnesol,
Fenchol,
Fenthion,
Fermium,
Ferriammoniumcitrat,
Ferriammoniumoxalat,
Ferrocen,
Ferulasäure,
Fixiersalz,Natriumthiosulfat
Fluor,
Fluoranthen,
Fluoren,
Fluorenon,Diphenylenketon
Fluorescein,
Fluoride,
Fluorit,Calciumchlorid
Fluornatrium,Natriumfluorid
Fluorol,Natriumfluorid
Fluorouracil,
Fluorsulfonsäure,
8:2 Fluortelomeralkohol,
Fluorwasserstoff,Wasserstofffluorid
Fluorwasserstoffsäure,Flusssäure
Flupyrsulfuron,
Flusssäure,Fluorwasserstoffsäure
Flussspat,Calciumfluorid
Folsäure,Vitamin B9
Formaldoxim,
Formaldehyd,Methanal
Francium,
Fruchtzucker,Fructose
Fructose,Fruchtzucker
Fuchsin,Anilinrot
fuchsinschweflige Säure,
Fumarsäure,trans-Butendisäure
Furan,
"2,5-Furandion",Maleinsäureanhydrid
Furfural,
Gadolinium,
Galaktose,Schleimzucker
Gallium,
Galliumarsenid,
Galliumnitrid,
Gallussäure,3
Gallussäure,4
Gallussäure,5-Trihydroxybenzoesäure
Galinstan,
Gärsalz,Diammoniumhydrogenphosphat
Gelbes Blutlaugensalz,Kaliumhexacyanoferrat(II)
Gentianaviolett,Kristallviolett
Geosmin,
Geraniol,
Germane,
Germanium,
Gibbsit,Hydrargillit
Gips,Calciumsulfat
Glaubersalz,Natriumsulfat
Gliotoxin,
Glucit (siehe Sorbit,
Glucitol (siehe Sorbit,
Glucose,Traubenzucker
Glutamin,2-Amino-4-carbamoylbutansäure
Glutaminsäure,2-Aminopentandisäure
Glutarsäure,Pentandisäure
Glycerin,Propan-1
Glycerin,2-3-triol
Glycerintrinitrat,Nitroglycerin
Glycin,Glykokoll
Glycin,Aminoessigsäure
Glykokoll,Glycin
Glykol,Ethylenglykol
Glykole,
Gold,
Gold(III)-chlorid,
Gold(III)-oxid,
Goldsulfid,
Granaticin,
Grünspan,Kupferacetat
Guanin,
Guanidin,
Hafnium,
Hafniumcarbid,
Hafnium(IV)-chlorid,
Hafnium(II)-hydrid,
Hafnium(IV)-iodid,
Hafniumnitrid,
Hafnium(IV)-oxid,
Halogensauerstoffsäuren,
Halone,
Hämatit,Eisen(III)-oxid
Hämatoxilin,
Hämoglobin,
Harmalin,
Harnsäure,
Harnstoff,Carbamid
Hassium,
Helium,
Heptacen,
Heptan,
Heptanol,
Heptaphen,
Heroin,Diacetylmorphin
Heterocyclen,
Hexabromcyclododecan,HBCD
Hexachlorcyclohexan,Lindan
1-Hexadecanol,Cetylalkohol
nan,E
nan,E)-2
nan,4-Hexadiensäure (Sorbinsäure
Hexalin,Cyclohexanol
Hexamethylendiamin,
Hexamethylentriperoxiddiamin,HMTD
Hexan,
Hexandisäure,Adipinsäure
Hexanol,Capronalkohol
Hexansäure,Capronsäure
Hexansäureethylester,
Hexen,
Cis-3-Hexenol,
Hexenylacetat,
Hexogen,
Hexin,
Hirschhornsalz,
Histamin,
Histidin,
Höllenstein,Silbernitrat
Holmium,
Holmiumoxid,
Holzzucker,Xylose
Hornsilber,Silberchlorid
Huperzin,
Hydralin,Cyclohexanol
Hydrastin,
Hydrastinin,
Hydrazin,Diamid
Hydrazin,Diazan
Hydrochinon,Chinol
Hydrochinon,Benzol-1
Hydrochinon,4-diol
Hydrogenphosphate,
2-Hydroxybenzaldehyd,Salicylaldehyd
2-Hydroxybenzoesäure,Salicylsäure
4-Hydroxybenzoesäureethylester,
Hydroxybenzol,Phenol
3-Hydroxy-2-butanon,
4-Hydroxybutansäure,
4-Hydroxybutyrat,GHB
"3-Hydroxy-4,5-dimethylfuran-2",5H)-on (Sotolon
Hydroxyethylsalicylat,
Hydroxymethylfurfural,
4-Hydroxynonenal,
2-Hydroxypropansäure,Milchsäure
"2-Hydroxy-1,2,3-propantricarbonsäure",Zitronensäure
Hypochlorige Säure,
Hyposalpetrige Säure,
Hypoxanthin,
Hyoscin,Skopolamin
Hyoscyamin,Atropin
IBMX,3-Isobutyl-1-methyl-Xanthin
Imidazol,1
Imidazol,3-Diaza-2
Imidazol,4-cyclopentadien
Imidol,Pyrrol
Iminodisuccinat Tetranatriumsalz,Imidibernsteinsäure Natriumsalz
Indazol,
Indigo,
Indikan,
Indium,
Indium(III)-chlorid,
Indiumantimonid,
Indiumphosphid,
Indol,2
Indol,3-Benzopyrrol
"Indol-2,3-dion",Isatin
Indoxyl,
Inosin,
Inosit,Inositol
Inositol,Inosit
Insulin,
Interhalogene,
Inulin,
Iod,
Iodazid,
Iodessigsäure,
Iodfluorid,
Iod-Kaliumiodid-Lösung,
Iodoform,Triiodmethan
Iodsäure,
Iodstickstoff,
Iodwasserstoff,Wasserstoffiodid
Ionon,Jonon
Iridium,
Iridium(III)-chlorid,
Isatin,Indol-2
Isatin,3-dion
Isobutan,Butan
Isobutylacetat,
Isochinolin,
Isocitronensäure,Isozitronensäure
Isodecylalkohol,
Isoleucin,α-Amino-β-methylvaleriansäure
Isomalt,
Isophthalsäure,1
Isophthalsäure,3-Benzoldicarbonsäure
Isophytol,
Isopropanol,2-Propanol
Isopropylalkohol,2-Propanol
Isopropylamin,
Isopropylthioxanthon,
Isothiazolinone,
Isozitronensäure,Isocitronensäure
Jasmonsäure,
Jod,Iod
Jonon,Ionon
Kaempferol,
Kaffeesäure,3
Kaffeesäure,4-Dihydroxyzimtsäure
Kainsäure,
Kakodyl,Tetramethyldiarsan
Kalium,
Kalignost®,Natriumtetraphenylborat
Kalisalpeter,Kaliumnitrat
Kaliumacetat,
Kaliumaluminiumsulfat (siehe Aluminiumkaliumsulfat-dodecahydrat,
Kaliumantimonyltartrat,Brechweinstein
Kaliumbenzoat,
Kaliumbromat,
Kaliumbromid,
Kaliumcarbonat,Pottasche
Kaliumchlorat,
Kaliumchlorid,Sylvin
Kaliumchromat,
Kaliumcyanat,
Kaliumcyanid,Cyankali
Kaliumdicyanoaurat,I
Kaliumdichromat,
Kaliumdihydrogenphosphat,
Kaliumdiphosphat,
Kaliumdisulfat,
Kaliumdisulfit,
Kaliumethanolat,
Kaliumferrat,
Kaliumfluorid,
Kaliumformiat,
Kaliumgujakolin,
Kaliumhexacyanidoferrat,II) (Gelbes Blutlaugensalz
Kaliumhexacyanidoferrat,III) (Rotes Blutlaugensalz
Kaliumhydrid,
Kaliumhydrogencarbonat,
Kaliumhydrogenphosphat,
Kaliumhydrogenphthalat,Phthalsäure
Kaliumhydrogensulfat,
Kaliumhydrogensulfit,
Kaliumhydroxid,
Kaliumhyperoxid,
Kaliumhypochlorit,
Kaliumiodat,
Kaliumiodid,
Kaliummalat,
Kalium-Natrium-Tartrat,Seignettesalz
Kaliumnitrat,Salpeter
Kaliumnitrat,Kalisalpeter
Kaliumnitrit,
Kaliumnitrosodisulfonat,
Kaliumoxalat,
Kaliumoxid,
Kaliumperchlorat,
Kaliumperiodat,
Kaliumpermanganat,
Kaliumperoxodisulfat,Kaliumpersulfat
Kaliumpersulfat,Kaliumperoxodisulfat
Kaliumphosphat,
Kaliumpikrat,
Kaliumpropionat,
Kaliumrhodanid,Kaliumthiocyanat
Kaliumselenocyanat,
Kaliumsorbat,
Kaliumsulfahguajakol,
Kaliumsulfat,
Kaliumsulfid,
Kaliumsulfit,
Kaliumthiocyanat,Kaliumrhodanid
Kaliumtitanylphosphat,
Kalk,Calciumcarbonat
Kalkseife,
Kalkwasser,
Kalomel,Quecksilber(I)-chlorid
Kampfer,Campher
Karbolsäure,Phenol
Karborund,Siliciumcarbid
Kasein,Casein
Katecholamine,
Kautschuk,
α-Ketoglutarsäure,
Ketohexosen,
Ketone,
Ketosen,
Kieselsäure,
Kleesäure,Oxalsäure
Kleesalz,
Knallquecksilber,Quecksilber(II)-fulminat
Knallsäure,
Kochsalz,Natriumchlorid
Koffein,1
Koffein,3
Koffein,7-Trimethylxanthin
Kokain,
Königsgelb,Blei(II)-chromat
Königswasser,
Kohlendioxid,Kohlenstoffdioxid
Kohlenhydrate,
Kohlenmonoxid,Kohlenstoffmonoxid
Kohlensäure,
Kohlenstoff,
Kohlensäurediethylester,
Kohlenstoffdioxid,Kohlendioxid
Kohlenstoffdisulfid,Schwefelkohlenstoff
Kohlenstoffmonoxid,Kohlenmonoxid
Kohlenstoffsuboxid,
Kohlenwasserstoffe,
Kokain,
Kongorot,
Königswasser,
Korksäure,
Kortikoid,
Kreatin,
Kreatinin,
Kresole,
Kristallviolett,Gentianaviolett
Kristallviolett,Methylviolett
Kronenether,
Kryolith,
Krypton,
Kryptondifluorid,
Kryptonfluorid,
Kunstharz,
Kupfer,
Kupferazid,
Kupferacetat,Grünspan
Kupferacetylid,
Kupfer(II)-bromid,
Kupfer(II)-carbonat,
Kupfer(I)-chlorid,
Kupfer(II)-chlorid,
Kupfer(II)-chlorid Dihydrat,
Kupfer(II)-hydroxid,
Kupfer(I)-iodid,
Kupfer(II)-iodid,
Kupfer(II)-nitrat,
Kupfer(I)-oxid,
Kupfer(II)-oxid,
Kupfersulfat,Kupfervitriol
Kupfer(I)-sulfid,
Kupfer,II)-sulfid (Covellit
Kupfervitriol,Kupfersulfat
Lachgas,Distickstoffmonoxid
Lackmus,
Lactame,
Lactone,
Lactose,Milchzucker
Lactulose,
Laminarin,
Lamivudin,
Lanthan,
Lanthanoxid,
Lanthancarbonat,
Lanthionin,
Latex,Kautschuk
Laurinsäure,
Lawrencium,
LCKW,
Lecithin,Phosphatidylcholin
Lecithine,
Leichtbenzin,Petroleumbenzin
Leucin,2-Amino-4-methyl-pentan-1-säure
Leukotriene,
Lignin,
Linalool,
Lindan,Hexachlorcyclohexan
Linolensäure,
Linolsäure,
Lipide,
Lipoprotein,
Lithium,
Lithiumaluminiumhydrid,
Lithiumbromid,
Lithiumcarbonat,
Lithiumchlorid,
Lithiumdiisopropylamid,
Lithiumfluorid,
Lithiumhydrid,
Lithiumhydroxid,
Lithiumiodid,
Lithiumniobat,
Lithiumnitrat,
Lithiumnitrid,
Lithiumoxid,
Lithiumperchlorat,
Lithiumperoxid,
Lithiumsulfat,
Lithiumtriborat,
Löschkalk,Calciumhydroxid
Lost,
Lötstein,Ammoniumchlorid
LSD,Lysergsäurediethylamid
Luminol,
Lupinin,
Luteolin,
Lutetium,
Lutetium(III)-oxid,
Lycopin,
Lycorin,
Lysergsäure,
Lysergsäurediethylamid,LSD
Lysin,2
Lysin,6-Diamino-hexansäure
Lysophosphatide,
Lyxose,
Magnesia,Magnesiumoxid
Magnesium,
Magnesiumcarbid,
Magnesiumchlorid,
Magnesiumfluorid,
Magnesiumhydroxid,
Magnesiumoxid,Magnesia
Malachitgrün,Diamantgrün
Malachitgrün,Viktoriagrün
Maleinsäure,cis-Butendisäure
Maleinsäureanhydrid,MSA
Malonsäure,1
Malonsäure,3-Propandisäure
Maltose,Malzzucker
Malzzucker,Maltose
Mangan,
Mangan(II)-chlorid,
Mangandioxid,Braunstein
Mangan(II)-sulfat,
Meitnerium,
Mellitsäuretrianhydrid,Dodekakohlenstoffnonaoxid
Menachinon,Vitamin K2
Mendelevium,
Mennige,Blei(II
Mennige,IV)-oxid
Mesitylen,1
Mesitylen,3
Mesitylen,5-Trimethylbenzol
Meskalin,
Metamizol,
Methacrylsäuremethylester,
Methan,
Methanhydrat,
Methanal,Formaldehyd
Methanol,Methylalkohol
Methanthiol,
Methansäure,Ameisensäure
Methansäuremethylester,Methylformiat
Methenamin,Urotropin
Methionin,2-Amino-4-methylmercaptobuttersäure
Methylacetylen,Propin
Methylalkohol,Methanol
4-Methoxyamphetamin,4-MA
4-Methoxyamphetamin,PMA
Methylamin,Aminomethan
Methylbenzol,Toluol
Methylblau,
Methylbromid,Brommethan
2-Methylbuttersäure,
3-Methylbuttersäure,
Methylchlorid,
Methylchloroform,1
Methylchloroform,1
Methylchloroform,1-Trichlorethan
Methylcyanoformat,
Methylenblau,
Methylenbromid,
Methylenchlorid,Dichlormethan
"3,4-Methylendioxyamphetamin",MDA
"3,4-Methylendioxy-N-methylamphetamin",MDMA
Methylengrün,
Methylenorange,
Methylenrot,
Methylenviolett,
Methylethylketon,2-Butanon
Methylgelb,4-Dimethylamino-azobenzol
Methylformiat,Methansäuremethylester
Methylgrün,Parisgrün
Methylisocyanat,
Methylisothiazolinon,
Methyllithium,
Methylmorphin,Codein
Methylorange,
4-Methyl-2-pentanon,
Methylphenylether,Anisol
Methylphenylketon,Acetophenon
2-Methyl-1-propanol,iso-Butanol
2-Methyl-2-propanol,tert-Butanol
Methylrot,
Methylsalicylat,Salicylsäuremethylester
Methyltriclosan,
Methylviolett,Kristallviolett
Metsulfuron,
Milchsäure,Lactose
Milchsäure,Hydroxypropansäure
Milchzucker,Lactose
Mohrsches Salz,Ammoniumeisen(II)-sulfat
Molybdän,
Monomethylhydrazin,
Mononatriumglutamat,
Morphin,
Morpholin,Tetrahydro-1
Morpholin,4-oxazin
Myristinsäure,Tetradecansäure
Nandrolon,
Naphthalin,
Naphthen,Cyclohexan
Naphthylamin,
Natrium,
Natriumacetat,Natriumethanoat
Natriumamalgam,Amalgam
Natriumamid,
Natriumammonhydrogenphosphat,
Natriumazid,
Natriumbitartrat,
Natriumbromid,
Natriumborhydrid,
Natriumcarbonat,
Natriumcarbonat-Dekahydrat,Soda
Natriumchlorat,
Natriumchlorid,Kochsalz
Natriumchlorit,
Natriumcitrat,
Natriumcyanid,Cyannatrium
Natriumcyanoborhydrid,
Natriumdihydrogenphosphat,
Natriumdithionit,
Natriumdodecylpoly,oxyethylen)sulfat (Natriumlaurylethersulfat
Natriumdodecylpoly,SLES
Natriumdodecylsulfat,Natriumlaurylsulfat
Natriumethanoat,Natriumacetat
Natriumferrat,II
Natriumfluorid,Fluornatrium
Natriumfluorid,Fluorol
Natriumformiat,Natriummethanat
Natriumhexafluoroaluminat,Kryolith
Natriumhexanitrocobaltat,
Natriumhydrogencarbonat,Natron
Natriumhydrogensulfat,
Natriumhydrogensulfid,
Natriumhydrogensulfit,
Natriumhydroxid,Ätznatron
Natriumhypochlorit,
Natriumjodat / Natriumiodat,
Natriumjodid / Natriumiodid,
Natriumlaurylethersulfat,Natriumdodecylpoly(oxyethylen)sulfat
Natriumlaurylsulfat,Natriumdodecylsulfat
Natriumlaurylsulfat,SDS
Natriumlaurylsulfat,SLS
Natriummethanat,Natriumformiat
Natriummethanthiolat,
Natriumnitrat,Natronsalpeter
Natriumnitrat,Chilesalpeter
Natriumnitrit,
Natriumpentacyanonitrosylferrat,
Natriumperborat,
Natriumperoxid,
Natriumperoxodisulfat,Natriumpersulfat
Natriumpersulfat,Natriumperoxodisulfat
Natriumphosphat,
Natriumscandat,
Natriumselenid,
Natriumsilicid,
Natriumsulfat,Glaubersalz
Natriumsulfid,Schwefelnatrium
Natriumsulfit,
Natriumtetraborat,Borax
Natriumtetraphenylborat,Kalignost®
Natriumthiophosphat,
Natriumthiosulfat,Fixiersalz
Natron,Natriumhydrogencarbonat
Natronlauge,
Natronsalpeter,Natriumnitrat
Neodym,
Neodymoxid,
Neodymacetat,
Neodymfluorid,
NeodymEisenBor,NdFeB
Neon,
Neptunium,
Niacin,Nicotinsäure
Nickel,
Nickelarsenid,
Nickel(II)-bromid,
Nickel(II)-chlorid,
Nickel(II)-cyanid,
Nickel(II)-fluorid,
Nickel(II)-hydroxid,
Nickel(II)-iodid,
Nickel(II)-nitrat,
Nickel(II)-oxid,
Nickel(III)-oxid,
Nickel(II)-sulfat,
Nickel(II)-sulfid,
Nickeltetracarbonyl,Tetracarbonylnickel
Nicotin,Nikotin
Nicotinsäure,Vitamin B3
Nicotinsäure,Niacin
Nikotin,Nicotin
Ninhydrin,2
Ninhydrin,2-Dihydroxyindan-1
Ninhydrin,3-dion
Niob,
Nitrilotriessigsäure,NTA
2-Nitrobenzaldehyd,
3-Nitrophthalsäure,
3-Nitrophthalsäurehydrazid,
Nitrobenzol,
Nitroglycerin,Glycerintrinitrat
Nitrosychlorid,
Nobelium,
Nonan,
Nordstrandit,
Nylon,Polyamide
Octabromdiphenylether,
Octadecansäure,Stearinsäure
n-Octan,
Octansäure,Caprylsäure
Octylisothiazolinon,
Oleinsäure,Ölsäure
Oleum,Dischwefelsäure
Ölsäure,Oleinsäure
Ölsäurechlorid,
Osazon,
Östradiol,Estradiol
Osmium,
Osmiumtetroxid,
Oxacyclopentan,Tetrahydrofuran
Oxalacetat,Oxalessigsäure
Oxalessigsäure,Oxalacetat
Oxalessigsäure,Oxobernsteinsäure
Oxalsäure,Ethandisäure
Oxalsäure,Kleesäure
Oxalsäurediethylester,
Oxalylchlorid,
Oxamid,
Oxazepam,
Oxazol,
Oxazolan,Oxazolidin
Oxazolidin,Oxazolan
Oxiran,Ethylenoxid
Oxobernsteinsäure,Oxalessigsäure
Ozon,
Palladium,
Palladiumoxid,
Palladium(II)-chlorid,
Palladium(II)-nitrat,
Palladium(II)-sulfat,
Palladium(II)-sulfid,
Pantothensäure,Vitamin B5
Paraffin,
Paracetamol,N-Acetyl-4-aminophenol
Paracetamol,Acetaminophen
Parathion,
Parisergelb,Blei(II)-chromat
Parisgrün,Methylgrün
Patentblau,
Pentaerythrit,
Pentamethylen,Cyclopentan
Pentan,Amylhydrid
"1,4-Pentadiin",
"Pentan-2,4-dion",Acetylaceton
Pentandisäure,Glutarsäure
1-Pentanol,Amylalkohol
Pentansäure,Valeriansäure
Pentabromdiphenylether,PentaBDE
Pepsin,
Perchlorethen,Tetrachlorethen
Perchlorethylen,Tetrachlorethen
Perchlorsäure,Überchlorsäure
Peressigsäure,Peroxyessigsäure
Perhydrol,Wasserstoffperoxid
Permanganate,
Permangansäure,Permanganate
Peroxosalpetersäure,
Peroxyessigsäure,Peressigsäure
Petrolether,
Petroleum,
Petroleumbenzin,Leichtbenzin
Phenol,Hydroxybenzol
Phenol,Karbolsäure
Phenolphthalein,
Phenolrot,Phenolsulfonphthalein
Phenolsulfonphthalein,Phenolrot
Phenylalanin,2-Amino-3-phenyl-propionsäure
Phenylethen,Styrol
Phenylmethanol,Benzylalkohol
Phenyloxiran,Styroloxid
Phloroglucin,1
Phloroglucin,3
Phloroglucin,5-Trihydroxybenzol
Phosphane,
Phosphine,Phosphane
Phosgen,Carbonylchlorid
Phosphatidylcholin,Lecithin
Phosphor,
Phosphoroxychlorid,Phosphorylchlorid
Phosphorpentachlorid,
Phosphor(V)-sulfid,
Phosphorsäure,
Phosphorylchlorid,Phosphoroxychlorid
Phthalate,Phthalsäureester
Phthalsäure,1
Phthalsäure,2-Benzoldicarbonsäure
Phthalsäureanhydrid,2-Benzofuran-1
Phthalsäureanhydrid,3-dion
Phthalsäureester,
Phthalsäuredioctylester,Diethylhexylphthalat
Phyllochinon,Vitamin K1
Pikraminsäure,
Pikrinsäure,2
Pikrinsäure,4
Pikrinsäure,6-Trinitrophenol
Piperidin,Azacyclohexan
Piperidin,Azinan
Platin,
Platin(II)-chlorid,
Platinchlorwasserstoff,
Platinsalmiak,
Plutonium,
Polonium,
Poloniumwasserstoff,
Polyamide,
Polychlorierte Dibenzodioxine und Dibenzofurane,PCDD/PCDF
Polyethylen,
Polyethylenglykol,PEG
Polyester,
Polypropylen,
Polystyrol,Styropor
Polytetrafluorethylen,PTFE
Pottasche,Kaliumcarbonat
Praseodym,
Pristan,
Procain,
Prolin,
Promethium,
Propan,
"1,2-Propandiol",Propylenglykol
"1,3-Propandisäure",Malonsäure
1-Propanol,Propylalkohol
2-Propanol,Isopropanol
2-Propanol,Isopropylalkohol)
Propanon,Aceton
Propansäure,Propionsäure
1-Propanthiol,
2-Propanthiol,
"1,2,3-Propantriol",Glycerin
"Propan-1,2-3-triol",Glycerin
Propen,Propylen
Propenal,Acrolein
Propenal,Acrylaldehyd
2-Propen-1-ol,Allylalkohol
Propensäure,Acrylsäure
Propin,Methylacetylen
Propionsäure,Propansäure
Propylalkohol,1-Propanol
Propylen,Propen
Propylenglykol,1
Propylenglykol,2-Propandiol
Propylenoxid,1
Propylenoxid,2-Epoxipropan
Protactinium,
Purin,
Pyren,
Pyroschwefelsäure,Dischwefelsäure
Purpur,
Pyrazin,1
Pyrazin,4-Diazabenzol
Pyrazin,1
Pyrazin,4-Diazin
Pyridin,Azabenzol
Pyridin,Azin
Pyridoxin,Vitamin B6
Pyrimidin,
Pyrogallol,1
Pyrogallol,2
Pyrogallol,3-Trihydroxybenzol
Pyrogallol,Pyrogallussäure
Pyrogallussäure,Pyrogallol
Pyrrol,Azol
Pyrrol,Imidol
Quartäre Ammoniumverbindungen,
Quarz,
Quecksilber,
Quecksilber(II)-acetat,
Quecksilber(II)-amidchlorid,
Quecksilber(II)-bromid,
Quecksilber,I)-chlorid (Kalomel
Quecksilber,II)-chlorid (Sublimat
Quecksilber,II)-fulminat (Knallquecksilber
Quecksilber(I)-iodid,
Quecksilber(II)-iodid,
Quecksilber(I)-oxid,
Quecksilber(II)-oxid,
Quecksilber(II)-sulfat,
Quecksilber,II)-sulfid (Cinnabarit
Quercetin,Xanthaurin
Radium,
Radon,
Resorcin,1
Resorcin,3-Dihydroxybenzol
Retinal,Retinaldehyd
Retinol,Vitamin A
Retinol,Axerophthol
Retinsäure,
Rhenium,
Rheniumsulfid,
Rhenium(VII)-oxid,
Rhodanwasserstoffsäure,
Rhodium,
Riboflavin,Vitamin B2
Rimsulforon,
Rotes Blutlaugensalz,Kaliumhexacyanoferrat(III)
Rubidium,
Rubidiumhydrid,
Rubidiumhydroxid,
Rubidiumtrioxid,
Rubidiumhyperoxid,
Rubidiumozonid,
Rubidiumchlorid,
Rubidiumphosphat,
Rubidiumcarbonat,
Ruthenium,
Rutherfordium,
Saccharin,Benzoesäuresulfimid
Saccharose,Sucrose
Safrol,
Salicylaldehyd,2-Hydroxybenzaldehyd
Salicylalkohol,
Salicylsäure,2-Hydroxybenzoesäure
Salicylsäuremethylester,Methylsalicylat
Salipyrin,
Salmiak,Ammoniumchlorid
Salmiakgeist,Ammoniumhydroxid
Salpeter,Kaliumnitrat
Salpetersäure,
salpetrige Säure,
Salzsäure,Chlorwasserstoffsäure
Salzsole,Sole
Samarium,
Samarium(II)-iodid,
Samarium(III)-chlorid,
Sarin,
Sauerstoff,
Scandium,
Schleimzucker,Galaktose
Schwefel,
Schwefeldioxid,Schwefligsäureanhydrid
Schwefeleisen,Eisen(II)-sulfid
Schwefelhexafluorid,
Schwefelkohlenstoff,Kohlenstoffdisulfid
Schwefelmonoxid,Schwefeloxide
Schwefelnatrium,Natriumsulfid
Schwefeltetrafluorid,
Schwefeltrioxid,Schwefelsäureanhydrid
Schwefelsäure,
Schwefelsäureanhydrid,Schwefeltrioxid
Schwefelsäurediethylester,Diethylsulfat
Schwefelsäuredimethylester,Dimethylsulfat
Schwefelwasserstoff,
schweflige Säure,Schwefligsäure
Schwefligsäure,schweflige Säure
Schwefligsäureanhydrid,Schwefeldioxid
Schweröl,
Schwerspat,Bariumsulfat
Seaborgium,
Sebacinsäuredichlorid,
Selen,
Selenocystein,2-Amino-3-hydroselenopropansäure
Selen(IV)-sulfid,
Selenwasserstoff,
Serin,2-Amino-3-hydroxy-propan-1-säure
Shikimisäure,
Sialinsäure,Sialsäure
Sialsäure (siehe Sialinsäure,
Silber,
Silberbromid,
Silberchlorid,Hornsilber
Silbercarbonat,
Silberchromat,
Silbercyanid,
Silberfluorid,
Silberhydroxid,
Silberiodid,
Silbernitrat,Höllenstein
Silberphosphat,
Silbersulfat,
Silbersulfid,
Silberthiocyanat,
Silane,
Silikate,
Silicide,
Silicium,
Siliciumcarbid,Karborund
Siliciumdioxid,
Siliciummonoxid,
Siliciumnitrid,
Siliciumtetrafluorid,Tetrafluorsilan
Siliciumtetrachlorid,Tetrachlorsilan
Sinapinsäure,
Skopolamin,Hyoscin
Soda,Natriumcarbonat-Dekahydrat
Solanin,Tomatin
Sole,
Soman,
Sorbinsäure,(E
Sorbinsäure,E)-2
Sorbinsäure,4-Hexadiensäure
Sorbit,Glucit
Sorbit,Glucitol
Sotolon,3-Hydroxy-4
Sotolon,5-dimethylfuran-2(5H)-on
Spermidin,
Sphalerit,Zinkblende
Stannichlorid,Zinn(IV)-chlorid
Stärke,
Stearinsäure,Octadecansäure
Stiban,Antimonwasserstoff
Stiban,Stibin
Stibin,Stiban
Stibnit,Antimontrisulfid
Stibnit,Antimonit
Stickstoff,
Stickstoffdioxid,
Stickstoffmonoxid,
Stickstoff(III)-fluorid,
Strontianit,Strontiumcarbonat
Strontium,
Strontiumcarbonat,Strontianit
Strontiumchlorid,
Strontiumchromat,
Strontiumfluorid,
Strontiumhydroxid,
Strontiumnitrat,
Strontiumoxid,
Strontiumsulfat,Coelestin
Strontiumtitanat,
Strychnin,
Styrol,Phenylethen
Styrol,Vinylbenzol
Styroloxid,Phenyloxiran
Styropor,Polystyrol
Sublimat,Quecksilber(II)-chlorid
Succinylsäure,Bernsteinsäure
Sucrose,Saccharose
Sudanrot B,
Sulfanilsäure,4-Aminobenzolsulfonsäure
Sulfide,
Sulfite,
Sulfonsäuren und Sulfonate,
Sylvin,Kaliumchlorid
Syringasäure,
Tabun,
Tantal,
Tantalpentoxid,
Tartrazin,
Technetium,
Tellur,
Tellurdisulfid,
TEMPO,2
TEMPO,2
TEMPO,6
TEMPO,6-Tetramethylpiperidinyloxyl
Terbium,
Terbuthylazin,
Terephthalaldehyd,
Terephthalsäure,1
Terephthalsäure,4-Benzoldicarbonsäure
Terephthylalkohol,
Testosteron,
Tetrabrombisphenol A,TBBPA
Tetracarbonylnickel,Nickeltetracarbonyl
"2,3,7,8-Tetrachlordibenzodioxin",TCDD
Tetrachlorethen,Perchlorethen
Tetrachlorethen,Perchlorethylen
Tetrachlorethen,Per
Tetrachlorkohlenstoff,Tetrachlormethan
Tetrachlormethan,Tetrachlorkohlenstoff
"2,3,6,7-Tetrachlornaphthalin",
Tetrachlorsilan,Siliciumtetrachlorid
Tetrachlorogold(III)-Säure,
n-Tetracosan,Evenkit
Tetraethylblei,TEL
Tetraethylblei,Bleitretraethyl
Tetrafluorethan,
Tetrafluorkohlenstoff,Tetrafluormethan
Tetrafluormethan,Tetrafluorkohlenstoff
Tetrafluorpyridin,
Tetrafluorsilan,Siliciumtetrafluorid
"1,2,3,4-Tetrahydrobenzol",Cyclohexen
Tetrahydrocannabinol,THC
Tetrahydrofuran,THF
Tetrahydrofuran,Oxacyclopentan
"Tetrahydro-1,4-oxazin",Morpholin
Tetramethyldiarsan,Kakodyl
"2,2,6,6-Tetramethylpiperidinyloxyl",
Tetranatriumiminodisuccinat,
Thallium,
Thalliumbromidiodid,
Thalliumhydroxid,
Thalliumsulfat,
Theobromin,3
Theobromin,7-Dimethylxanthin
Theophyllin,1
Theophyllin,3-Dimethylxanthin
Thiamin,Vitamin B1
Thianaphthen,Benzothiophen
Thioether,
Thioharnstoff,
Thiolat,
Thionylchlorid,
Thiophosgen,
Thioschwefelsäure,
Thorium,
Thoriumdioxid,
Threarsäure,Weinsäure
Threonin,2-Amino-3-hydroxy-butansäure
Thulium,
Thymin,
Thymol,
Thyroxin,T4
Titan,
Titanborid,
Titancarbid,
Titan(III)-chlorid,
Titan(IV)-chlorid,
Titandioxid,Titanweiß
Titannitrid,
Titanylsulfat,
Titanweiß,Titandioxid
Tocopherol,Vitamin E
Toluol,Methylbenzol
Toluylendiisocyanat,TDI
Tomatin,Solanin
Tonerde,Aluminiumhydroxid
Traubenzucker,Glucose
Tribrommethan,Bromoform
Tributylzinn,TBT
Trichlormethan,Chloroform
"1,1,1-Trichlorethan",Methylchloroform
Trichlorethen,Tri
Trichlorethen,Trichlorethylen
Trichlorethylen,Trichlorethen
Trichlornitromethan,Chlorpikrin
"1,1,2-Trichlortrifluorethan",
Triclosan,
Triethylphosphit,
Trifluoressigsäure,TFA
"3,4,5-Trihydroxybenzoesäure",Gallussäure
"1,2,3-Trihydroxybenzol",Pyrogallol
"1,3,5-Trihydroxybenzol",Phloroglucin
Triiodmethan,Iodoform
Trimethylamin,
Trimethylammoniumacetat,Betain
"1,3,5-Trimethylbenzol",Mesitylen
Trimethylen,Cyclopropan
"2,3,6-Trimethylphenol",
Trimethylsilanol,
"1,3,7-Trimethylxanthin",Koffein
Trinitrobenzol,TNB
Trinitroglycerin,Glycerintrinitrat
"2,4,6-Trinitrophenol",Pikrinsäure
Trinitrotoluol,TNT
Triphenylphosphan,
Tryptophan,
Tyrosin,
Überchlorsäure,Perchlorsäure
UH 25,
Uracil,
Uran,
Urandioxid,
Uranhexafluorid,
Urethan,Ethylcarbamat
Urotropin,Methenamin
Valerensäure,
Valeriansäure,Pentansäure
Valin,2-Amino-3-methyl-butansäure
Vanadium,
Vanadium(V)-oxidtrichlorid,
Vanadiumpentoxid,Vanadium(V)-oxid
Viktoriagrün,Malachitgrün
Vinylbenzol,Styrol
Vinylethylen,Butadien
Vitamin A,Retinol
Vitamin B1,Thiamin
Vitamin B2,Riboflavin
Vitamin B3,Nicotinsäure
Vitamin B5,Pantothensäure
Vitamin B6,Pyridoxin
Vitamin B9,Folsäure
Vitamin B12,Cobalamine
Vitamin C,Ascorbinsäure
Vitamin D,Calciferol
Vitamin E,Tocopherol
Vitamin K1,Phyllochinon
Vitamin K2,Menachinon
Vitamin H,Biotin
VX,
Wasser,
Wasserstoff,
Wasserstoffchlorid,Chlorwasserstoff
Wasserstofffluorid,Fluorwasserstoff
Wasserstoffiodid,Iodwasserstoff
Wasserstoffperoxid,Perhydrol
Weinsäure,Dihydroxybernsteinsäure
Weinsäure,Threarsäure
Widia,
Wismut,Bismut
Wolfram,
Wolframarsenid,
Wolframtrioxid,
Wolframcarbid,
Wolframsulfid,
Wolframhexafluorid,
Xanthaurin,Quercetin
Xanthin,6
Xanthin,8-Dihydroxypurin
Xenon,
Xenonhexafluoroplatinat,
Xenon(VI)-oxid,
Xenondifluorid,
Xylol,Dimethylbenzol
Xylose,Holzzucker
Yohimbin,
Ytterbium,
Yttrium,
Yttriumoxid,
Yttriumphosphat,
Zellobiose,Cellobiose
Zementit,
Zink,
Zinkblende,Sphalerit
Zinkblüte,Zinkoxid
Zinkbromid,
Zinkcarbonat,
Zinkchlorid,
Zinkchromat,Zinkgelb
Zinkfluorid,
Zinkhydrid,
Zinkhydroxid,
Zinknitrat,
Zinknitrid,
Zinkjodid,
Zinkorthophosphat,
Zinkoxid,Zinkblüte
Zinkoxid,Zinkweiß
Zinkperoxid,
Zinkphosphid,
Zinkselenid,
Zinksulfat,
Zinksulfid,
Zinkweiß,Zinkoxid
Zinn,
Zinn(II)-bromid,
Zinn,II)-chlorid (Zinnsalz
Zinn(II)-fluorid,
Zinn(II)-hydroxid,
Zinn(II)-nitrat,
Zinn,II)-oxid (Zinnmonoxid
Zinn(II)-sulfat,
Zinn(II)-sulfid,
Zinn(IV)-bromid,
Zinn,IV)-chlorid (Stannichlorid
Zinn(IV)-fluorid,
Zinn,IV)-oxid (Zinndioxid
Zinn(IV)-sulfid,
Zinnhydrid,Zinnwasserstoff
Zinnphosphid,
Zinnsalz,Zinn(II)-chlorid
Zirconium,
Basisches Zirconium(IV)-carbonat,
Zirconiumkarbid,
Zirconiumdioxid,
Zitronensäure,Citronensäure
Zitronensäure,2-Hydroxy-1
Zitronensäure,2
Zitronensäure,3-propantricarbonsäure
Zucker,Saccharose
Zucker,Kohlenhydrate
Zyankali,Kaliumcyanid
Zyklisches Adenosinmonophosphat (cAMP)A,
Abietinsäure,
Acesulfam,E 950
Acetale,
Acetaldehyd,Ethanal
Acetamid,
Acetaminophen,Paracetamol
Acetanhydrid,Essigsäureanhydrid
Acetessigester,
Aceton,Propanon
Acetophenon,Methylphenylketon
Acetosyringon,
2-Acetoxybenzoesäure,Acetylsalicylsäure
Acetylaceton,Pentan-2
Acetylaceton,4-dion
N-Acetyl-4-aminophenol,Paracetamol
Acetylcholin,
Acetylen,Ethin
Acetylendicarbonsäuredimethylester,
Acetylformoin,
Acetylsalicylsäure,2-Acetoxybenzoesäure
Acetylsalicylsäure,ASS
Acetylsalicylsäure,Aspirin®
Acetonitril,
Aconitsäure,
Acrolein,Propenal
Acrylaldehyd,Propenal
Acrylamid,
Acrylcyanat,
Acrylnitril,
Acrylsäure,Propensäure
Actinium,
Adamantan,
Adenin,
Adenosindiphosphat,ADP
Adenosintriphosphat,ATP
Adipinsäure,Hexandisäure
Adiponitril,
Adrenalin,Epinephrin
Adrenochrom,
Aerozin 50,
Aethusin,
AIBN,Azobisisobutyronitril
Aktivkohle,
Alan,Aluminiumhydrid
Alanin,α-Aminopropionsäure
Alaun,
Alditole,
Alizarin,
Alizarin-Aluminium-Calciumkomplex,
Alkaloide,
Alkane,
Alkanole,
Alkene,
Alkine,
Alkohol,Ethanol
Alkoholate,
Alkohole,
Alkylphosphonsäure,
Alkylsulfonsäure,Artikel Sulfonsäuren und Sulfonate
Allopurinol,
Allylalkohol,2-Propen-1-ol
Aluminium,
Aluminiumacetat,Aluminiumacetate
Aluminiumamalgam,
Aluminiumantimonid,
Aluminiumbromid,
Aluminiumcarbid,
Aluminiumchlorat,
Aluminiumchlorid,
Aluminiumchlorohydrat,
Aluminiumdiacetat,Essigsaure Tonerde
Aluminiumfluorid,
Aluminiumhydrid,Alan
Aluminiumhydroxid,Tonerde
Aluminiumkaliumsulfat-dodecahydrat,Kaliumaluminiumsulfat
Aluminiummetaphosphat,
Aluminiummonoacetat,Aluminiumacetate
Aluminiumnatriumsulfat,
Aluminiumnitrat,
Aluminiumnitrid,
Aluminiumjodid,
Aluminiumorthophosphat,Aluminiumphosphat
Aluminiumoxid,
Aluminiumoxidhydrat,Aluminiumhydroxid
Aluminiumoxidhydroxid,Aluminiumhydroxid
Aluminiumphosphat,
Aluminiumphosphid,
Aluminiumsulfat,
Aluminiumsulfid,
Aluminiumtriacetat,Aluminiumacetate
Aluminiumwasserstoff,Aluminiumhydrid
Amalgam,
Amanin,
Ambrein,
Ameisensäure,Methansäure
Americium,
Amidoschwarz,
Amidosulfonsäure,
Amine,
Aminoazobenzol,
Aminobenzol,Anilin
4-Aminobenzolsulfonsäure,Sulfanilsäure
1-Aminobutan,
2-Amino-4-carbamoyl-butansäure,Glutamin
Aminoessigsäure,Glycin
2-Amino-3-hydroseleno-propansäure,Selenocystein
2-Amino-3-hydroxy-butansäure,Threonin
2-Amino-3-hydroxy-propan-1-säure,Serin
2-Amino-3-mercapto-propansäure,Cystein
Aminomethan,Methylamin
2-Amino-3-methyl-butansäure,Valin
2-Amino-1-,3
2-Amino-1-,4-methylendioxyphenyl)butan (BDB
2-Amino-4-methylmercapto-buttersäure,Methionin
2-Amino-4-methylpentan-1-säure,Leucin
2-Amino-3-methyl-valeriansäure,Isoleucin
2-Aminopentandisäure,Glutaminsäure
2-Amino-3-phenyl-propionsäure,Phenylalanin
2-Aminopropansäure,Alanin
Aminopterin,
2-Aminopyridin,
4-Aminopyridin,
5-Aminosalicylsäure,
"5-Amino-1,2,3,4-tetrahydrophthalazin-1,4-dion",Luminol
Amitrol,
Ammoniak,
Ammoniaksalz,Ammoniumchlorid
Ammonium,-Ion
Ammoniumacetat,
Ammoniumalaun,Ammoniumaluminiumsulfat-Dodecahydrat
Ammoniumaluminiumsulfat-Dodecahydrat,Ammoniumalaun
Ammoniumamalgam,
Ammoniumbituminosulfonat,
Ammoniumbromid,
Ammoniumcarbamat,
Ammoniumcarbonat,
Ammoniumchlorid,Ammoniaksalz
Ammoniumchlorid,Salmiak
Ammoniumchlorid,Lötstein
Ammoniumcitrat,
Ammoniumcyanid,
Ammoniumcyanat,
Ammoniumdichromat,
Ammoniumdihydrogenphosphat,
Ammoniumeisenalaun,Ammoniumeisen(III)-sulfat
Ammoniumeisen(III)-citrat,
Ammoniumeisen,II)-sulfat (Mohrsches Salz
Ammoniumeisen,III)-sulfat (Ammoniumeisenalaun
Ammoniumfluorid,
Ammoniumhexachlorostannat,
Ammoniumhydrogencarbonat,
Ammoniumhydrogendifluorid,
Ammoniumhydrogenfluorid,
Ammoniumhydrogensulfat,
Ammoniumhydrogensulfid,
Ammoniumhydroxid,Salmiakgeist
Ammoniumiodat,
Ammoniumiodid,
Ammoniummagnesiumphosphat,
Ammoniummolybdat,
Ammoniummuriat,Ammoniumchlorid
Ammoniumnatriumhydrogenphosphat,
Ammoniumnitrat,Ammonsalpeter
Ammoniumnitrit,
Ammoniumoxalat,
Ammonium-oxalatoferrat,III
Ammoniumperchlorat,
Ammoniumperoxodisulfat,Ammoniumpersulfat
Ammoniumpersulfat,
Ammoniumphosphat,
Ammoniumphthalat,
Ammoniumpikrat,
Ammoniumrhodanid,Ammoniumthiocyanat
Ammoniumsulfat,
Ammoniumsulfid,
Ammoniumthiocyanat,Ammoniumrhodanid
Ammonsalpeter,Ammoniumnitrat
Amylalkohol,1-Pentanol
Amylhydrid,Pentan
Amylnitrat,
Amylnitrit,
Anilin,Aminobenzol
Anilinrot,Fuchsin
Anisol,Methylphenylether
Anol,Cyclohexanol
Anthracen,
Anthrachinon,
Anthranilsäure,
Anthron,
Antimon,
Antimon(V)-fluorid,
Antimonige Säure,
Antimonit,Stibnit
Antimon(III)-oxid,
Antimonoxychlorid,
Antimonpentaoxid,
Antimonpentasulfid,
Antimonsäure,
Antimontetroxid,
Antimon(III)-fluorid,
Antimontrioxid,Antimon(III)-oxid
Antimontrisulfid,Stibnit
Antimonwasserstoff,Stiban
Äpfelsäure,
Apiol,
Apixaban,
Aqualin,Propenal
Arginin,
Argon,
Arsen,
Arsenate,
Arsen(III)-chlorid,
Arsen(III)-fluorid,
Arsen(V)-fluorid,
Arsenige Säure,
Arsenik,Arsen(III)-oxid
Arsen,III)-oxid (Arsenik
Arsen(V)-oxid,
Arsenpentachlorid,
Arsensäure,
Arsen(III)-sulfid,
Arsensulfide,
Arsenwasserstoff,Arsin
Arsin,Arsenwasserstoff
Asbest,
Ascorbinsäure,Vitamin C
Asparagin,
Asparaginsäure,
Aspartam,
Aspirin®,Acetylsalicylsäure
Astat,
Äther,Diethylether
Atrazin,
Atropin,dl-Hyoscyamin
Ätznatron,Natriumhydroxid
Axerophthol,Retinol
Azabenzol,Pyridin
Azacyclohexan,Piperidin
Azin,Pyridin
Azinan,Piperidin
Azobisisobutyronitril,AIBN
Azofarbstoff,
Azol,Pyrrol
Azulen,
Azulin,
Backpulver,
Baclofen,
Barbitursäure,
Barium,
Bariumcarbonat,
Bariumchlorid,
Bariumchromat,
Bariumhydroxid,
Bariumnitrat,Barytsalpeter
Bariumoxid,
Bariumperchlorat,
Bariumperoxid,
Bariumsulfat,Schwerspat
Bariumsulfid,
Bariumtitanat,
Barytsalpeter,Bariumnitrat
Barytwasser,
Bayerit,
Bentazon,
Benzaldehyd,
Benzalkoniumchlorid,
Benzen,Benzol
Benzidin,
Benzin,
Benzisothiazolinon,BIT
Benzoesäure,
Benzoesäuresulfimid,Saccharin
Benzofuran,Cumaron
"2-Benzofuran-1,3-dion",Phthalsäureanhydrid
Benzoin,
Benzol,Benzen
"1,2-Benzoldicarbonsäure",Phthalsäure
"1,3-Benzoldicarbonsäure",Isophthalsäure
"1,4-Benzoldicarbonsäure",Terephthalsäure
"Benzol-1,4-diol",Hydrochinon
Benzonitril,
Benzo[a]pyren,Benzpyren
"2,3-Benzopyrrol",Indol
Benzothiophen,Thianaphthen
Benzotriazol,
Benzoylchlorid,
Benzoylfluorid,
Benzoylperoxid,Dibenzoylperoxid
Benzpyren,Benzo[a]pyren
Benzylalkohol,Phenylmethanol
Benzylbromid,
Benzylchlorid,
Bergapten,
Berkelium,
Berliner Blau,Eisen(III)-hexacyanoferrat(II)
Bernsteinsäure,Butandisäure
Bernsteinsäure,Succinylsäure
Beryllium,
Berylliumchlorid,
Berylliumfluorid,
Berylliumhydrid,
Berylliumhydroxid,
Berylliumoxid,
Berylliumsulfat,
Bestatin,
Betain,Trimethylammoniumacetat
Betaxolol,
Betulin,
Biotin,Vitamin H
Birnenether,
Bisabolol,
Bismut,
Bismutan,Bismutwasserstoff
Bismutwasserstoff,Bismutan
Bisphenol,
BisTris (Bis(2-hydroxyethyl)amino-,
tris,hydroxymethyl)methan
Blausäure,Cyanwasserstoff
Blei,
Blei,II)-acetat (Bleizucker
Blei(IV)-acetat,
Bleiazid,
Blei(II)-bromid,
Blei(II)-carbonat,
Bleichkalk,Chlorkalk
Blei(II)-chlorid,
Blei,II)-chromat (Chromgelb
Blei,Königsgelb
Blei,Parisergelb
Bleidistearat,
Blei(II)-hydroxid,
Blei(II)-iodid,
Blei(II)-nitrat,
Bleioxide,
Blei(II)-oxid,
Blei,II
Blei,IV)-oxid (Mennige
Blei(IV)-oxid,
Bleistyphnat,
Blei,II)-sulfat (Bleivitriol
Blei(II)-sulfid,
Bleitetraethyl,Tetraethylblei
Bleivitriol,Blei(II)-sulfat
Bleiweiß,
Bleizucker,Blei(II)-acetat
Böhmit,
Bohrium,
Bombykol,
Bor,
Borax,Natriumtetraborat
Borazin,Borazol
Borazol,Borazin
Borcarbid,
Borethan,Diboran
Boride,
Borneol,
Bornitrid,
Borsäure,
Borsäureanhydrid,Bortrioxid
Borsäuretriethylester,
Borsäuretrimethylester,
Borsulfid,
Bortribromid,
Bortrifluorid,
Bortrioxid,Borsäureanhydrid
Branntkalk,Calciumoxid
Braunstein,Mangandioxid
Brechweinstein,Kaliumantimonyltartrat
Brenzcatechin,1
Brenzcatechin,2-Dihydroxybenzol
Brom,
Brombenzol,
Brombenzylcyanid,
1-Brombutan,
Bromcyanid,
Bromessigsäureethylester,
Bromethan,
2-Bromethanol,
Brommethan,Methylbromid
Bromoform,Tribrommethan
Bromoxynil,
Bromsäure,
Bromthymolblau,BTB
Bromtoluol,
Bromwasser,
Bromwasserstoff,
Bromwasserstoffsäure,
Bullvalen,
Brucit,
Butadien,Vinylethylen
"1,2-Butadien",
"1,3-Butadien",Butadien
Butan,
Butandiol,
"1,4-Butandiol",
"2,3-Butandiol",
Butandisäure,Bernsteinsäure
Butanole,
1-Butanol,
2-Butanol,
iso-Butanol,2-Methyl-1-propanol
tert-Butanol,2-Methyl-2-propanol
2-Butanon,Methylethylketon
Butansäure,Buttersäure
Butansäureethylester,
Buten,Butylen
2-Butenal,Crotonaldehyd
cis-Butendisäure,Maleinsäure
trans-Butendisäure,Fumarsäure
1-Butin,Ethylacetylen
2-Butin,Dimethylacetylen
2-Butindinitril,Dicyanoethin
"2-Butin-1,4-diol",
Buttersäure,Butansäure
Buttersäuremethylester,
Butylacetat,
Butylamin,
Butyldiglykol,
Butylen,Buten
Butyllithium,n-BuLi
tert-Butyllithium,t-BuLi
γ-Butyrolacton,4-Butyrolacton
Cadaverin,1
Cadaverin,5-Diaminopentan
Cadmium,
Cadmium(II)-chlorid,
Cadmiumhydroxid,
Cadmiumiodat,
Cadmium(II)-iodid,
Cadmium(II)-oxid,
Cadmiumselenid,
Cadmiumsulfat,
Cadmiumsulfid,
Cadmiumtellurid,
Caesium,
Caesiumchlorid,
Caesiumfluorid,
Caesiumhydrid,
Caesiumhydroxid,
Caesiumhyperoxid,
Calciferol,Vitamin D
Calcium,
Calciumacetat,
Calciumacetylid,Calciumcarbid
Calciumcarbid,Calciumacetylid
Calciumcarbonat,Kalk
Calciumchlorid,Fluorit
Calciumchlorid,Flussspat
Calciumchlorid-hypochlorit,Chlorkalk
Calciumcitrat,
Calciumcyanamid,
Calciumdihydrogenphosphat,
Calciumdinatriumethylendiamintetraacetat,
Calciumfluorid,
Calciumgluconat,
Calciumhexacyanoferrat,
Calciumhydrid,
Calciumhydrogencarbonat,
Calciumhydrogenphosphat,
Calciumhydroxid,Löschkalk
Calciumhypochlorit,
Calciumlactatgluconat,
Calciumnitrat,
Calciumoxalat,
Calciumoxid,Branntkalk
Calciumphosphat,
Calciumpropionat,
Calcium-5-ribonucleotid,
Calciumsorbat,
Calciumsulfat,Gips
Calciumsulfid,
Californium,
cAMP,Zyklisches Adenosinmonophosphat
Campher,Kampfer
Cantharidin,
Caprinsäure,Decansäure
Capronalkohol,Hexanol
Capronsäure,Hexansäure
Caprylsäure,Octansäure
Capsaicin,
Carbamid,Harnstoff
Carbazol,
Carbendazim,
Carbonsäureester,
Carbonylchlorid,Phosgen
Carbonylfluorid,Difluormethanal
Cellobiose,Zellobiose
Celluloseacetat,
Cer,
Cer(III)-chlorid,
Cerdioxid,
Cer(III)-nitrat,
Cer(IV)-sulfat,
Cetylalkohol,1-Hexadecanol
Cetylstearylalkohol,
Chilesalpeter,Natriumnitrat
Chinchonidin,
Chinin,
Chinizarin,
Chinol,Hydrochinon
Chlor,
2-Chlorbenzyliden-malonsäuredinitril,
"2-Chlorbuta-1,3-dien",Chloropren
Chlorcyan,Cyanchlorid
Chlordan,
Chlordioxid,Chloroxide
"1-Chlor-2,3-epoxypropan",Epichlorhydrin
Chlorige Säure,
Chlorkalk,Calciumchlorid-hypochlorit
Chlorkalk,Bleichkalk) (Calciumhypochlorit
Chlormethan,Methylchlorid
Chlormethylisothiazolinon,
Chloroform,Trichlormethan
Chlorophyll,
Chloropren,2-Chlorbuta-1
Chloropren,3-dien
Chloroxide,
Chlorpikrin,Trichlornitromethan
Chlorpropham,
Chlorsäure,
Chlorsulfonsäure,
Chlorwasser,
Chlorwasserstoff,Wasserstoffchlorid
Chlorwasserstoffsäure,Salzsäure
Chinolin,
Chinolingelb,
Cholesterin,Cholesterol
Cholesterol,Cholesterin
Cholin,
Chrom,
Chrom(II)-acetat,
Chromate,
Chrom(III)-chlorid,
Chromgelb,Blei(II)-chromat
Chrom(III)-nitrat,
Chrom(III)-nitrid,
Chrom(II)-oxid,
Chrom(III)-oxid,
Chrom(IV)-oxid,
Chrom(VI)-oxid,
Chromsäure,
Chromschwefelsäure,
Chrom(III)-sulfat,
Cicutoxin,
Cimetidin,
"1,8-Cineol",
Cinnabarit,Quecksilber(II)-sulfid
Citronellol,
Citronensäure,Zitronensäure
Clobetasolpropionat,
Clonidin,
Cobalamine,Vitamin B12
Cobalt,
Cobalt(II)-chlorid,
Cobalteisenstein,
Cobalt(III)-fluorid,
Cobaltocen,
Cobalt(II)-oxid,
"Cobalt(II,III)-oxid",
Cobalt(II)-sulfat,
Cocain,Kokain
Codein,Methylmorphin
Coelestin,Strontiumsulfat
Coffein,Koffein
Colchicin,
Conhydrin,
Coniin,
Corrin,
Covellit,Kupfer(II)-sulfid
Crotonaldehyd,2-Butenal
Cumarin,
Cumaron,Benzofuran
Curcumagelb,Curcumin
Curcumin,Curcumagelb
Curium,
Cyan,Dicyan
Cyanchlorid,Chlorcyan
Cyanessigsäure,
Cyanide,
Cyankali,Kaliumcyanid
Cyannatrium,Natriumcyanid
Cyansäure,
Cyanursäure,
Cyanwasserstoff,
Cycloalkane,
Cycloalliin,
Cyclobutan,
Cyclodextrine,CD
Cycloheptan,
Cycloheptatrien,
Cyclohexan,Naphthen
Cyclohexanol,Anol
Cyclohexanol,Hexalin
Cyclohexanol,Hydralin
Cyclohexatrien,Benzol
Cyclohexen,1
Cyclohexen,2
Cyclohexen,3
Cyclohexen,4-Tetrahydrobenzol
2-Cyclohexen-1-on,
Cyclohexylamin,
Cyclopentan,Pentamethylen
Cyclophosphamid,
Cyclopropan,Trimethylen
Cyclopropylamin,
Cyproconazol,
Cyprodinil,
Cystein,2-Amino-3-mercapto-propansäure
Cytosin,
Damascenin,
Darmstadtium,
DDT,Dichlordiphenyltrichlorethan
Decabromdiphenylether,DecaBDE
Decalin,
1-Decanol,
Decansäure,Caprinsäure
Decan,
Demecolcin,
Deuterium,
Dewar-Benzol,
Dextrane,
Diacetonalkohol,DAA
Diacetyldioxim,Dimethylglyoxim
Diacetylmorphin,Heroin
Diamantgrün,Malachitgrün
Diamid,Hydrazin
Diaminodinitroethylen,
"1,2-Diaminoethan",Ethylendiamin
"2,6-Diamino-hexansäure",Lysin
"1,5-Diaminopentan",Cadaverin
"2,4-Diaminopyrimidin",
"2,4-Diaminotoluol",
Diammoniumhydrogenphosphat,Gärsalz
Diarsan,
Diarsentetraiodid,
Diarsentrioxid,Arsenik
Diaspor,
"1,4-Diazabenzol",Pyrazin
Diazan,Hydrazin
"1,3-Diaza-2,4-cyclopentadien",Imidazol
Diazepam,
"1,3-Diazin",Pyrimidin
"1,4-Diazin",Pyrazin
Dibenzofuran,DBF
Diazinon,
Dibenzoylperoxid,Benzoylperoxid
Diboran,Borethan
Diboran,Diborhexahydrid
Diborhexahydrid,Diboran
Dibromcyclohexadien,
"1,2-Dibromethan",
Dibutylamin,
Dichlordiphenyltrichlorethan,
"1,1-Dichlorethen",
"1,2-Dichlorethen",
Dichlorethylen,
Dichlormethan,Methylenchlorid
Dichloroctylisothiazolinon,
"2,2-Dichlorvinyl-dimethyl-phosphat",
Dichlorvos,2
Dichlorvos,2-Dichlorvinyl-dimethyl-phosphat
Dichromsäure,
Dicyanoethin,2-Butindinitril
Diethanolamin,
Diethylaluminiumchlorid,
Diethylazodicarboxylat,
Diethylenglykol,
Diethylether,Ether
Diethylether,Äther
Diethylhexylphthalat,Phthalsäuredioctylester
Diethylsulfat,Schwefelsäurediethylester
Difluormethanal,Carbonylfluorid
Dihydrocarveol,
Dihydroxyaceton,
"1,2-Dihydroxybenzol",Brenzcatechin
"1,3-Dihydroxybenzol",Resorcin
"1,4-Dihydroxybenzol",Hydrochinon
Dihydroxybernsteinsäure,Weinsäure
"2,2-Dihydroxyindan-1,3-dion",Ninhydrin
"6,8-Dihydroxypurin",Xanthin
"3,4-Dihydroxyzimtsäure",Kaffeesäure
Diisobutylaluminiumhydrid,
Diisopropylethylamin,
Diketen,
Diketogulonsäure,
Dimercaptoisotrithion,
Dimethoat,
Dimethylacetamid,
Dimethylacetylen,2-Butin
Dimethylallylpyrophosphat,
Dimethylamin,
4-Dimethylamino-azobenzol,
Dimethylaminobenzaldehyd,
Dimethylaminoethanol,
4-Dimethylaminophenol,
4-(Dimethylamino)-pyridin,
Dimethylarsinsäure,
Dimethylbenzol,Xylol
Dimethylformamid,DMF
Dimethylgelb,
"1,1-Dimethylhydrazin",
Dimethylglyoxim,Diacetyldioxim
Dimethylphenylendiamin,
Dimethylsulfat,Schwefelsäuredimethylester
Dimethylsulfit,
Dimethyltryptamin,
"3,7-Dimethylxanthin",Theobromin
"1,3-Dimethylxanthin",Theophyllin
Dinitrophenol,DNP
"2,4-Dinitrophenylhydrazin",DNPH
"2,4-Dinitrotoluol",
DIOP,O-Isopropyliden-2
DIOP,3-dihydroxy-1
DIOP,4-bis(diphenylphosphino)butan
"1,4-Dioxan",
"1,4-Dioxin",
Dioxine,
Diphenylenketon,Fluorenon
Diphenylamin,
Diphosgen,
Dipicolinsäure,
Dischwefelsäure,Pyroschwefelsäure
Dischwefelsäure,Oleum
Distickstoffmonoxid,Lachgas
Disulfoton,
Dithioerythritol,DTE
Dithiothreitol,DTT
DMAPP (siehe Dimethylallylpyrophosphat,
Dodecanol,
Dodekakohlenstoffnonaoxid,Mellitsäuretrianhydrid
Dopamin,DA
Dubnium,
Dysprosium,
Ectoin,
EDTA,Ethylendiamintetraacetat
Einsteinium,
Eisen,
Eisen(II)-carbonat,
Eisen(II)-chlorid,
Eisen(III)-chlorid,
Eisen(II)-chlorid-Tetrahydrat,
Eisenhydroxid,
Eisen(II)-hydroxid,
Eisen(III)-hydroxid,
Eisen(II)-nitrat,
Eisen(III)-nitrat,
Eisen(II)-oxalat,
Eisenoxide wie,
Eisen(II)-oxid,
Eisen,II
Eisen,III)-oxid (Magnetit
Eisen,III)-oxid (Hämatit
Eisen,II)-sulfat (Eisenvitriol
Eisen(III)-sulfat,
Eisen,II)-sulfid (Schwefeleisen
Eisen,III)-hexacyanoferrat(II) (Berliner Blau
Eisen(III)-oxidhydroxid,
Eisen(III)-rhodanid,
Eisen(III)-sulfid,
Eisencarbid,
Eisengluconat,
Eisennitrid,
Eisenvitriol,Eisen(II)-sulfat
Eisessig,Essigsäure
Eosin,
Ephedrin,
Epibatidin,
Epichlorhydrin,1-Chlor-2
Epichlorhydrin,3-epoxypropan
Epinephrin,Adrenalin
"1,2-Epoxipropan",Propylenoxid
Erbium,
Erythrit,
Essigsäure,Ethansäure
Essigsäurealdehyd,Acetaldehyd
Essigsäureamylester,
Essigsäureanhydrid,Acetanhydrid
Essigsäureethylester,Ethylacetat
Essigsaure Tonerde,Aluminiumdiacetat
Estradiol,Östradiol
Ethan,
Ethanal,Acetaldehyd
Ethanol,Ethylalkohol
"Ethan-1,2-diol",Ethylenglykol
Ethandisäure,Oxalsäure
Ethansäure,Essigsäure
Ethanthiol,Ethylmercaptan
Ethen,Ethylen
Ethenol,
Ether,
Ether,Diethylether
Ethidiumbromid,
Ethin,Acetylen
2-Ethoxyethanol,
Ethylacetat,Essigsäureethylester
Ethylacetylen,1-Butin
Ethylaldehyd,Acetaldehyd
Ethylalkohol,Ethan
Ethylamin,
Ethylcarbamat,Urethan
Ethylencarbonat,
Ethylen,Ethen
Ethylendiamin,1
Ethylendiamin,2-Diaminoethan
Ethylendiamindibernsteinsäure,
Ethylendiamintetraessigsäure,EDTA
Ethylformiat,
Ethylenglykol,1
Ethylenglykol,2-Ethandiol
Ethylenoxid,Oxiran
Ethylenthioharnstoff,
Ethylenvinylacetat,EVAC
2-Ethyl-hexanol,
Ethylmercaptan,Ethanthiol
Eulan,
Europium,
Evenkit,n-Tetracosan
Farnesol,
Fenchol,
Fenthion,
Fermium,
Ferriammoniumcitrat,
Ferriammoniumoxalat,
Ferrocen,
Ferulasäure,
Fixiersalz,Natriumthiosulfat
Fluor,
Fluoranthen,
Fluoren,
Fluorenon,Diphenylenketon
Fluorescein,
Fluoride,
Fluorit,Calciumchlorid
Fluornatrium,Natriumfluorid
Fluorol,Natriumfluorid
Fluorouracil,
Fluorsulfonsäure,
8:2 Fluortelomeralkohol,
Fluorwasserstoff,Wasserstofffluorid
Fluorwasserstoffsäure,Flusssäure
Flupyrsulfuron,
Flusssäure,Fluorwasserstoffsäure
Flussspat,Calciumfluorid
Folsäure,Vitamin B9
Formaldoxim,
Formaldehyd,Methanal
Francium,
Fruchtzucker,Fructose
Fructose,Fruchtzucker
Fuchsin,Anilinrot
fuchsinschweflige Säure,
Fumarsäure,trans-Butendisäure
Furan,
"2,5-Furandion",Maleinsäureanhydrid
Furfural,
Gadolinium,
Galaktose,Schleimzucker
Gallium,
Galliumarsenid,
Galliumnitrid,
Gallussäure,3
Gallussäure,4
Gallussäure,5-Trihydroxybenzoesäure
Galinstan,
Gärsalz,Diammoniumhydrogenphosphat
Gelbes Blutlaugensalz,Kaliumhexacyanoferrat(II)
Gentianaviolett,Kristallviolett
Geosmin,
Geraniol,
Germane,
Germanium,
Gibbsit,Hydrargillit
Gips,Calciumsulfat
Glaubersalz,Natriumsulfat
Gliotoxin,
Glucit (siehe Sorbit,
Glucitol (siehe Sorbit,
Glucose,Traubenzucker
Glutamin,2-Amino-4-carbamoylbutansäure
Glutaminsäure,2-Aminopentandisäure
Glutarsäure,Pentandisäure
Glycerin,Propan-1
Glycerin,2-3-triol
Glycerintrinitrat,Nitroglycerin
Glycin,Glykokoll
Glycin,Aminoessigsäure
Glykokoll,Glycin
Glykol,Ethylenglykol
Glykole,
Gold,
Gold(III)-chlorid,
Gold(III)-oxid,
Goldsulfid,
Granaticin,
Grünspan,Kupferacetat
Guanin,
Guanidin,
Hafnium,
Hafniumcarbid,
Hafnium(IV)-chlorid,
Hafnium(II)-hydrid,
Hafnium(IV)-iodid,
Hafniumnitrid,
Hafnium(IV)-oxid,
Halogensauerstoffsäuren,
Halone,
Hämatit,Eisen(III)-oxid
Hämatoxilin,
Hämoglobin,
Harmalin,
Harnsäure,
Harnstoff,Carbamid
Hassium,
Helium,
Heptacen,
Heptan,
Heptanol,
Heptaphen,
Heroin,Diacetylmorphin
Heterocyclen,
Hexabromcyclododecan,HBCD
Hexachlorcyclohexan,Lindan
1-Hexadecanol,Cetylalkohol
nan,E
nan,E)-2
nan,4-Hexadiensäure (Sorbinsäure
Hexalin,Cyclohexanol
Hexamethylendiamin,
Hexamethylentriperoxiddiamin,HMTD
Hexan,
Hexandisäure,Adipinsäure
Hexanol,Capronalkohol
Hexansäure,Capronsäure
Hexansäureethylester,
Hexen,
Cis-3-Hexenol,
Hexenylacetat,
Hexogen,
Hexin,
Hirschhornsalz,
Histamin,
Histidin,
Höllenstein,Silbernitrat
Holmium,
Holmiumoxid,
Holzzucker,Xylose
Hornsilber,Silberchlorid
Huperzin,
Hydralin,Cyclohexanol
Hydrastin,
Hydrastinin,
Hydrazin,Diamid
Hydrazin,Diazan
Hydrochinon,Chinol
Hydrochinon,Benzol-1
Hydrochinon,4-diol
Hydrogenphosphate,
2-Hydroxybenzaldehyd,Salicylaldehyd
2-Hydroxybenzoesäure,Salicylsäure
4-Hydroxybenzoesäureethylester,
Hydroxybenzol,Phenol
3-Hydroxy-2-butanon,
4-Hydroxybutansäure,
4-Hydroxybutyrat,GHB
"3-Hydroxy-4,5-dimethylfuran-2",5H)-on (Sotolon
Hydroxyethylsalicylat,
Hydroxymethylfurfural,
4-Hydroxynonenal,
2-Hydroxypropansäure,Milchsäure
"2-Hydroxy-1,2,3-propantricarbonsäure",Zitronensäure
Hypochlorige Säure,
Hyposalpetrige Säure,
Hypoxanthin,
Hyoscin,Skopolamin
Hyoscyamin,Atropin
IBMX,3-Isobutyl-1-methyl-Xanthin
Imidazol,1
Imidazol,3-Diaza-2
Imidazol,4-cyclopentadien
Imidol,Pyrrol
Iminodisuccinat Tetranatriumsalz,Imidibernsteinsäure Natriumsalz
Indazol,
Indigo,
Indikan,
Indium,
Indium(III)-chlorid,
Indiumantimonid,
Indiumphosphid,
Indol,2
Indol,3-Benzopyrrol
"Indol-2,3-dion",Isatin
Indoxyl,
Inosin,
Inosit,Inositol
Inositol,Inosit
Insulin,
Interhalogene,
Inulin,
Iod,
Iodazid,
Iodessigsäure,
Iodfluorid,
Iod-Kaliumiodid-Lösung,
Iodoform,Triiodmethan
Iodsäure,
Iodstickstoff,
Iodwasserstoff,Wasserstoffiodid
Ionon,Jonon
Iridium,
Iridium(III)-chlorid,
Isatin,Indol-2
Isatin,3-dion
Isobutan,Butan
Isobutylacetat,
Isochinolin,
Isocitronensäure,Isozitronensäure
Isodecylalkohol,
Isoleucin,α-Amino-β-methylvaleriansäure
Isomalt,
Isophthalsäure,1
Isophthalsäure,3-Benzoldicarbonsäure
Isophytol,
Isopropanol,2-Propanol
Isopropylalkohol,2-Propanol
Isopropylamin,
Isopropylthioxanthon,
Isothiazolinone,
Isozitronensäure,Isocitronensäure
Jasmonsäure,
Jod,Iod
Jonon,Ionon
Kaempferol,
Kaffeesäure,3
Kaffeesäure,4-Dihydroxyzimtsäure
Kainsäure,
Kakodyl,Tetramethyldiarsan
Kalium,
Kalignost®,Natriumtetraphenylborat
Kalisalpeter,Kaliumnitrat
Kaliumacetat,
Kaliumaluminiumsulfat (siehe Aluminiumkaliumsulfat-dodecahydrat,
Kaliumantimonyltartrat,Brechweinstein
Kaliumbenzoat,
Kaliumbromat,
Kaliumbromid,
Kaliumcarbonat,Pottasche
Kaliumchlorat,
Kaliumchlorid,Sylvin
Kaliumchromat,
Kaliumcyanat,
Kaliumcyanid,Cyankali
Kaliumdicyanoaurat,I
Kaliumdichromat,
Kaliumdihydrogenphosphat,
Kaliumdiphosphat,
Kaliumdisulfat,
Kaliumdisulfit,
Kaliumethanolat,
Kaliumferrat,
Kaliumfluorid,
Kaliumformiat,
Kaliumgujakolin,
Kaliumhexacyanidoferrat,II) (Gelbes Blutlaugensalz
Kaliumhexacyanidoferrat,III) (Rotes Blutlaugensalz
Kaliumhydrid,
Kaliumhydrogencarbonat,
Kaliumhydrogenphosphat,
Kaliumhydrogenphthalat,Phthalsäure
Kaliumhydrogensulfat,
Kaliumhydrogensulfit,
Kaliumhydroxid,
Kaliumhyperoxid,
Kaliumhypochlorit,
Kaliumiodat,
Kaliumiodid,
Kaliummalat,
Kalium-Natrium-Tartrat,Seignettesalz
Kaliumnitrat,Salpeter
Kaliumnitrat,Kalisalpeter
Kaliumnitrit,
Kaliumnitrosodisulfonat,
Kaliumoxalat,
Kaliumoxid,
Kaliumperchlorat,
Kaliumperiodat,
Kaliumpermanganat,
Kaliumperoxodisulfat,Kaliumpersulfat
Kaliumpersulfat,Kaliumperoxodisulfat
Kaliumphosphat,
Kaliumpikrat,
Kaliumpropionat,
Kaliumrhodanid,Kaliumthiocyanat
Kaliumselenocyanat,
Kaliumsorbat,
Kaliumsulfahguajakol,
Kaliumsulfat,
Kaliumsulfid,
Kaliumsulfit,
Kaliumthiocyanat,Kaliumrhodanid
Kaliumtitanylphosphat,
Kalk,Calciumcarbonat
Kalkseife,
Kalkwasser,
Kalomel,Quecksilber(I)-chlorid
Kampfer,Campher
Karbolsäure,Phenol
Karborund,Siliciumcarbid
Kasein,Casein
Katecholamine,
Kautschuk,
α-Ketoglutarsäure,
Ketohexosen,
Ketone,
Ketosen,
Kieselsäure,
Kleesäure,Oxalsäure
Kleesalz,
Knallquecksilber,Quecksilber(II)-fulminat
Knallsäure,
Kochsalz,Natriumchlorid
Koffein,1
Koffein,3
Koffein,7-Trimethylxanthin
Kokain,
Königsgelb,Blei(II)-chromat
Königswasser,
Kohlendioxid,Kohlenstoffdioxid
Kohlenhydrate,
Kohlenmonoxid,Kohlenstoffmonoxid
Kohlensäure,
Kohlenstoff,
Kohlensäurediethylester,
Kohlenstoffdioxid,Kohlendioxid
Kohlenstoffdisulfid,Schwefelkohlenstoff
Kohlenstoffmonoxid,Kohlenmonoxid
Kohlenstoffsuboxid,
Kohlenwasserstoffe,
Kokain,
Kongorot,
Königswasser,
Korksäure,
Kortikoid,
Kreatin,
Kreatinin,
Kresole,
Kristallviolett,Gentianaviolett
Kristallviolett,Methylviolett
Kronenether,
Kryolith,
Krypton,
Kryptondifluorid,
Kryptonfluorid,
Kunstharz,
Kupfer,
Kupferazid,
Kupferacetat,Grünspan
Kupferacetylid,
Kupfer(II)-bromid,
Kupfer(II)-carbonat,
Kupfer(I)-chlorid,
Kupfer(II)-chlorid,
Kupfer(II)-chlorid Dihydrat,
Kupfer(II)-hydroxid,
Kupfer(I)-iodid,
Kupfer(II)-iodid,
Kupfer(II)-nitrat,
Kupfer(I)-oxid,
Kupfer(II)-oxid,
Kupfersulfat,Kupfervitriol
Kupfer(I)-sulfid,
Kupfer,II)-sulfid (Covellit
Kupfervitriol,Kupfersulfat
Lachgas,Distickstoffmonoxid
Lackmus,
Lactame,
Lactone,
Lactose,Milchzucker
Lactulose,
Laminarin,
Lamivudin,
Lanthan,
Lanthanoxid,
Lanthancarbonat,
Lanthionin,
Latex,Kautschuk
Laurinsäure,
Lawrencium,
LCKW,
Lecithin,Phosphatidylcholin
Lecithine,
Leichtbenzin,Petroleumbenzin
Leucin,2-Amino-4-methyl-pentan-1-säure
Leukotriene,
Lignin,
Linalool,
Lindan,Hexachlorcyclohexan
Linolensäure,
Linolsäure,
Lipide,
Lipoprotein,
Lithium,
Lithiumaluminiumhydrid,
Lithiumbromid,
Lithiumcarbonat,
Lithiumchlorid,
Lithiumdiisopropylamid,
Lithiumfluorid,
Lithiumhydrid,
Lithiumhydroxid,
Lithiumiodid,
Lithiumniobat,
Lithiumnitrat,
Lithiumnitrid,
Lithiumoxid,
Lithiumperchlorat,
Lithiumperoxid,
Lithiumsulfat,
Lithiumtriborat,
Löschkalk,Calciumhydroxid
Lost,
Lötstein,Ammoniumchlorid
LSD,Lysergsäurediethylamid
Luminol,
Lupinin,
Luteolin,
Lutetium,
Lutetium(III)-oxid,
Lycopin,
Lycorin,
Lysergsäure,
Lysergsäurediethylamid,LSD
Lysin,2
Lysin,6-Diamino-hexansäure
Lysophosphatide,
Lyxose,
Magnesia,Magnesiumoxid
Magnesium,
Magnesiumcarbid,
Magnesiumchlorid,
Magnesiumfluorid,
Magnesiumhydroxid,
Magnesiumoxid,Magnesia
Malachitgrün,Diamantgrün
Malachitgrün,Viktoriagrün
Maleinsäure,cis-Butendisäure
Maleinsäureanhydrid,MSA
Malonsäure,1
Malonsäure,3-Propandisäure
Maltose,Malzzucker
Malzzucker,Maltose
Mangan,
Mangan(II)-chlorid,
Mangandioxid,Braunstein
Mangan(II)-sulfat,
Meitnerium,
Mellitsäuretrianhydrid,Dodekakohlenstoffnonaoxid
Menachinon,Vitamin K2
Mendelevium,
Mennige,Blei(II
Mennige,IV)-oxid
Mesitylen,1
Mesitylen,3
Mesitylen,5-Trimethylbenzol
Meskalin,
Metamizol,
Methacrylsäuremethylester,
Methan,
Methanhydrat,
Methanal,Formaldehyd
Methanol,Methylalkohol
Methanthiol,
Methansäure,Ameisensäure
Methansäuremethylester,Methylformiat
Methenamin,Urotropin
Methionin,2-Amino-4-methylmercaptobuttersäure
Methylacetylen,Propin
Methylalkohol,Methanol
4-Methoxyamphetamin,4-MA
4-Methoxyamphetamin,PMA
Methylamin,Aminomethan
Methylbenzol,Toluol
Methylblau,
Methylbromid,Brommethan
2-Methylbuttersäure,
3-Methylbuttersäure,
Methylchlorid,
Methylchloroform,1
Methylchloroform,1
Methylchloroform,1-Trichlorethan
Methylcyanoformat,
Methylenblau,
Methylenbromid,
Methylenchlorid,Dichlormethan
"3,4-Methylendioxyamphetamin",MDA
"3,4-Methylendioxy-N-methylamphetamin",MDMA
Methylengrün,
Methylenorange,
Methylenrot,
Methylenviolett,
Methylethylketon,2-Butanon
Methylgelb,4-Dimethylamino-azobenzol
Methylformiat,Methansäuremethylester
Methylgrün,Parisgrün
Methylisocyanat,
Methylisothiazolinon,
Methyllithium,
Methylmorphin,Codein
Methylorange,
4-Methyl-2-pentanon,
Methylphenylether,Anisol
Methylphenylketon,Acetophenon
2-Methyl-1-propanol,iso-Butanol
2-Methyl-2-propanol,tert-Butanol
Methylrot,
Methylsalicylat,Salicylsäuremethylester
Methyltriclosan,
Methylviolett,Kristallviolett
Metsulfuron,
Milchsäure,Lactose
Milchsäure,Hydroxypropansäure
Milchzucker,Lactose
Mohrsches Salz,Ammoniumeisen(II)-sulfat
Molybdän,
Monomethylhydrazin,
Mononatriumglutamat,
Morphin,
Morpholin,Tetrahydro-1
Morpholin,4-oxazin
Myristinsäure,Tetradecansäure
Nandrolon,
Naphthalin,
Naphthen,Cyclohexan
Naphthylamin,
Natrium,
Natriumacetat,Natriumethanoat
Natriumamalgam,Amalgam
Natriumamid,
Natriumammonhydrogenphosphat,
Natriumazid,
Natriumbitartrat,
Natriumbromid,
Natriumborhydrid,
Natriumcarbonat,
Natriumcarbonat-Dekahydrat,Soda
Natriumchlorat,
Natriumchlorid,Kochsalz
Natriumchlorit,
Natriumcitrat,
Natriumcyanid,Cyannatrium
Natriumcyanoborhydrid,
Natriumdihydrogenphosphat,
Natriumdithionit,
Natriumdodecylpoly,oxyethylen)sulfat (Natriumlaurylethersulfat
Natriumdodecylpoly,SLES
Natriumdodecylsulfat,Natriumlaurylsulfat
Natriumethanoat,Natriumacetat
Natriumferrat,II
Natriumfluorid,Fluornatrium
Natriumfluorid,Fluorol
Natriumformiat,Natriummethanat
Natriumhexafluoroaluminat,Kryolith
Natriumhexanitrocobaltat,
Natriumhydrogencarbonat,Natron
Natriumhydrogensulfat,
Natriumhydrogensulfid,
Natriumhydrogensulfit,
Natriumhydroxid,Ätznatron
Natriumhypochlorit,
Natriumjodat / Natriumiodat,
Natriumjodid / Natriumiodid,
Natriumlaurylethersulfat,Natriumdodecylpoly(oxyethylen)sulfat
Natriumlaurylsulfat,Natriumdodecylsulfat
Natriumlaurylsulfat,SDS
Natriumlaurylsulfat,SLS
Natriummethanat,Natriumformiat
Natriummethanthiolat,
Natriumnitrat,Natronsalpeter
Natriumnitrat,Chilesalpeter
Natriumnitrit,
Natriumpentacyanonitrosylferrat,
Natriumperborat,
Natriumperoxid,
Natriumperoxodisulfat,Natriumpersulfat
Natriumpersulfat,Natriumperoxodisulfat
Natriumphosphat,
Natriumscandat,
Natriumselenid,
Natriumsilicid,
Natriumsulfat,Glaubersalz
Natriumsulfid,Schwefelnatrium
Natriumsulfit,
Natriumtetraborat,Borax
Natriumtetraphenylborat,Kalignost®
Natriumthiophosphat,
Natriumthiosulfat,Fixiersalz
Natron,Natriumhydrogencarbonat
Natronlauge,
Natronsalpeter,Natriumnitrat
Neodym,
Neodymoxid,
Neodymacetat,
Neodymfluorid,
NeodymEisenBor,NdFeB
Neon,
Neptunium,
Niacin,Nicotinsäure
Nickel,
Nickelarsenid,
Nickel(II)-bromid,
Nickel(II)-chlorid,
Nickel(II)-cyanid,
Nickel(II)-fluorid,
Nickel(II)-hydroxid,
Nickel(II)-iodid,
Nickel(II)-nitrat,
Nickel(II)-oxid,
Nickel(III)-oxid,
Nickel(II)-sulfat,
Nickel(II)-sulfid,
Nickeltetracarbonyl,Tetracarbonylnickel
Nicotin,Nikotin
Nicotinsäure,Vitamin B3
Nicotinsäure,Niacin
Nikotin,Nicotin
Ninhydrin,2
Ninhydrin,2-Dihydroxyindan-1
Ninhydrin,3-dion
Niob,
Nitrilotriessigsäure,NTA
2-Nitrobenzaldehyd,
3-Nitrophthalsäure,
3-Nitrophthalsäurehydrazid,
Nitrobenzol,
Nitroglycerin,Glycerintrinitrat
Nitrosychlorid,
Nobelium,
Nonan,
Nordstrandit,
Nylon,Polyamide
Octabromdiphenylether,
Octadecansäure,Stearinsäure
n-Octan,
Octansäure,Caprylsäure
Octylisothiazolinon,
Oleinsäure,Ölsäure
Oleum,Dischwefelsäure
Ölsäure,Oleinsäure
Ölsäurechlorid,
Osazon,
Östradiol,Estradiol
Osmium,
Osmiumtetroxid,
Oxacyclopentan,Tetrahydrofuran
Oxalacetat,Oxalessigsäure
Oxalessigsäure,Oxalacetat
Oxalessigsäure,Oxobernsteinsäure
Oxalsäure,Ethandisäure
Oxalsäure,Kleesäure
Oxalsäurediethylester,
Oxalylchlorid,
Oxamid,
Oxazepam,
Oxazol,
Oxazolan,Oxazolidin
Oxazolidin,Oxazolan
Oxiran,Ethylenoxid
Oxobernsteinsäure,Oxalessigsäure
Ozon,
Palladium,
Palladiumoxid,
Palladium(II)-chlorid,
Palladium(II)-nitrat,
Palladium(II)-sulfat,
Palladium(II)-sulfid,
Pantothensäure,Vitamin B5
Paraffin,
Paracetamol,N-Acetyl-4-aminophenol
Paracetamol,Acetaminophen
Parathion,
Parisergelb,Blei(II)-chromat
Parisgrün,Methylgrün
Patentblau,
Pentaerythrit,
Pentamethylen,Cyclopentan
Pentan,Amylhydrid
"1,4-Pentadiin",
"Pentan-2,4-dion",Acetylaceton
Pentandisäure,Glutarsäure
1-Pentanol,Amylalkohol
Pentansäure,Valeriansäure
Pentabromdiphenylether,PentaBDE
Pepsin,
Perchlorethen,Tetrachlorethen
Perchlorethylen,Tetrachlorethen
Perchlorsäure,Überchlorsäure
Peressigsäure,Peroxyessigsäure
Perhydrol,Wasserstoffperoxid
Permanganate,
Permangansäure,Permanganate
Peroxosalpetersäure,
Peroxyessigsäure,Peressigsäure
Petrolether,
Petroleum,
Petroleumbenzin,Leichtbenzin
Phenol,Hydroxybenzol
Phenol,Karbolsäure
Phenolphthalein,
Phenolrot,Phenolsulfonphthalein
Phenolsulfonphthalein,Phenolrot
Phenylalanin,2-Amino-3-phenyl-propionsäure
Phenylethen,Styrol
Phenylmethanol,Benzylalkohol
Phenyloxiran,Styroloxid
Phloroglucin,1
Phloroglucin,3
Phloroglucin,5-Trihydroxybenzol
Phosphane,
Phosphine,Phosphane
Phosgen,Carbonylchlorid
Phosphatidylcholin,Lecithin
Phosphor,
Phosphoroxychlorid,Phosphorylchlorid
Phosphorpentachlorid,
Phosphor(V)-sulfid,
Phosphorsäure,
Phosphorylchlorid,Phosphoroxychlorid
Phthalate,Phthalsäureester
Phthalsäure,1
Phthalsäure,2-Benzoldicarbonsäure
Phthalsäureanhydrid,2-Benzofuran-1
Phthalsäureanhydrid,3-dion
Phthalsäureester,
Phthalsäuredioctylester,Diethylhexylphthalat
Phyllochinon,Vitamin K1
Pikraminsäure,
Pikrinsäure,2
Pikrinsäure,4
Pikrinsäure,6-Trinitrophenol
Piperidin,Azacyclohexan
Piperidin,Azinan
Platin,
Platin(II)-chlorid,
Platinchlorwasserstoff,
Platinsalmiak,
Plutonium,
Polonium,
Poloniumwasserstoff,
Polyamide,
Polychlorierte Dibenzodioxine und Dibenzofurane,PCDD/PCDF
Polyethylen,
Polyethylenglykol,PEG
Polyester,
Polypropylen,
Polystyrol,Styropor
Polytetrafluorethylen,PTFE
Pottasche,Kaliumcarbonat
Praseodym,
Pristan,
Procain,
Prolin,
Promethium,
Propan,
"1,2-Propandiol",Propylenglykol
"1,3-Propandisäure",Malonsäure
1-Propanol,Propylalkohol
2-Propanol,Isopropanol
2-Propanol,Isopropylalkohol)
Propanon,Aceton
Propansäure,Propionsäure
1-Propanthiol,
2-Propanthiol,
"1,2,3-Propantriol",Glycerin
"Propan-1,2-3-triol",Glycerin
Propen,Propylen
Propenal,Acrolein
Propenal,Acrylaldehyd
2-Propen-1-ol,Allylalkohol
Propensäure,Acrylsäure
Propin,Methylacetylen
Propionsäure,Propansäure
Propylalkohol,1-Propanol
Propylen,Propen
Propylenglykol,1
Propylenglykol,2-Propandiol
Propylenoxid,1
Propylenoxid,2-Epoxipropan
Protactinium,
Purin,
Pyren,
Pyroschwefelsäure,Dischwefelsäure
Purpur,
Pyrazin,1
Pyrazin,4-Diazabenzol
Pyrazin,1
Pyrazin,4-Diazin
Pyridin,Azabenzol
Pyridin,Azin
Pyridoxin,Vitamin B6
Pyrimidin,
Pyrogallol,1
Pyrogallol,2
Pyrogallol,3-Trihydroxybenzol
Pyrogallol,Pyrogallussäure
Pyrogallussäure,Pyrogallol
Pyrrol,Azol
Pyrrol,Imidol
Quartäre Ammoniumverbindungen,
Quarz,
Quecksilber,
Quecksilber(II)-acetat,
Quecksilber(II)-amidchlorid,
Quecksilber(II)-bromid,
Quecksilber,I)-chlorid (Kalomel
Quecksilber,II)-chlorid (Sublimat
Quecksilber,II)-fulminat (Knallquecksilber
Quecksilber(I)-iodid,
Quecksilber(II)-iodid,
Quecksilber(I)-oxid,
Quecksilber(II)-oxid,
Quecksilber(II)-sulfat,
Quecksilber,II)-sulfid (Cinnabarit
Quercetin,Xanthaurin
Radium,
Radon,
Resorcin,1
Resorcin,3-Dihydroxybenzol
Retinal,Retinaldehyd
Retinol,Vitamin A
Retinol,Axerophthol
Retinsäure,
Rhenium,
Rheniumsulfid,
Rhenium(VII)-oxid,
Rhodanwasserstoffsäure,
Rhodium,
Riboflavin,Vitamin B2
Rimsulforon,
Rotes Blutlaugensalz,Kaliumhexacyanoferrat(III)
Rubidium,
Rubidiumhydrid,
Rubidiumhydroxid,
Rubidiumtrioxid,
Rubidiumhyperoxid,
Rubidiumozonid,
Rubidiumchlorid,
Rubidiumphosphat,
Rubidiumcarbonat,
Ruthenium,
Rutherfordium,
Saccharin,Benzoesäuresulfimid
Saccharose,Sucrose
Safrol,
Salicylaldehyd,2-Hydroxybenzaldehyd
Salicylalkohol,
Salicylsäure,2-Hydroxybenzoesäure
Salicylsäuremethylester,Methylsalicylat
Salipyrin,
Salmiak,Ammoniumchlorid
Salmiakgeist,Ammoniumhydroxid
Salpeter,Kaliumnitrat
Salpetersäure,
salpetrige Säure,
Salzsäure,Chlorwasserstoffsäure
Salzsole,Sole
Samarium,
Samarium(II)-iodid,
Samarium(III)-chlorid,
Sarin,
Sauerstoff,
Scandium,
Schleimzucker,Galaktose
Schwefel,
Schwefeldioxid,Schwefligsäureanhydrid
Schwefeleisen,Eisen(II)-sulfid
Schwefelhexafluorid,
Schwefelkohlenstoff,Kohlenstoffdisulfid
Schwefelmonoxid,Schwefeloxide
Schwefelnatrium,Natriumsulfid
Schwefeltetrafluorid,
Schwefeltrioxid,Schwefelsäureanhydrid
Schwefelsäure,
Schwefelsäureanhydrid,Schwefeltrioxid
Schwefelsäurediethylester,Diethylsulfat
Schwefelsäuredimethylester,Dimethylsulfat
Schwefelwasserstoff,
schweflige Säure,Schwefligsäure
Schwefligsäure,schweflige Säure
Schwefligsäureanhydrid,Schwefeldioxid
Schweröl,
Schwerspat,Bariumsulfat
Seaborgium,
Sebacinsäuredichlorid,
Selen,
Selenocystein,2-Amino-3-hydroselenopropansäure
Selen(IV)-sulfid,
Selenwasserstoff,
Serin,2-Amino-3-hydroxy-propan-1-säure
Shikimisäure,
Sialinsäure,Sialsäure
Sialsäure (siehe Sialinsäure,
Silber,
Silberbromid,
Silberchlorid,Hornsilber
Silbercarbonat,
Silberchromat,
Silbercyanid,
Silberfluorid,
Silberhydroxid,
Silberiodid,
Silbernitrat,Höllenstein
Silberphosphat,
Silbersulfat,
Silbersulfid,
Silberthiocyanat,
Silane,
Silikate,
Silicide,
Silicium,
Siliciumcarbid,Karborund
Siliciumdioxid,
Siliciummonoxid,
Siliciumnitrid,
Siliciumtetrafluorid,Tetrafluorsilan
Siliciumtetrachlorid,Tetrachlorsilan
Sinapinsäure,
Skopolamin,Hyoscin
Soda,Natriumcarbonat-Dekahydrat
Solanin,Tomatin
Sole,
Soman,
Sorbinsäure,(E
Sorbinsäure,E)-2
Sorbinsäure,4-Hexadiensäure
Sorbit,Glucit
Sorbit,Glucitol
Sotolon,3-Hydroxy-4
Sotolon,5-dimethylfuran-2(5H)-on
Spermidin,
Sphalerit,Zinkblende
Stannichlorid,Zinn(IV)-chlorid
Stärke,
Stearinsäure,Octadecansäure
Stiban,Antimonwasserstoff
Stiban,Stibin
Stibin,Stiban
Stibnit,Antimontrisulfid
Stibnit,Antimonit
Stickstoff,
Stickstoffdioxid,
Stickstoffmonoxid,
Stickstoff(III)-fluorid,
Strontianit,Strontiumcarbonat
Strontium,
Strontiumcarbonat,Strontianit
Strontiumchlorid,
Strontiumchromat,
Strontiumfluorid,
Strontiumhydroxid,
Strontiumnitrat,
Strontiumoxid,
Strontiumsulfat,Coelestin
Strontiumtitanat,
Strychnin,
Styrol,Phenylethen
Styrol,Vinylbenzol
Styroloxid,Phenyloxiran
Styropor,Polystyrol
Sublimat,Quecksilber(II)-chlorid
Succinylsäure,Bernsteinsäure
Sucrose,Saccharose
Sudanrot B,
Sulfanilsäure,4-Aminobenzolsulfonsäure
Sulfide,
Sulfite,
Sulfonsäuren und Sulfonate,
Sylvin,Kaliumchlorid
Syringasäure,
Tabun,
Tantal,
Tantalpentoxid,
Tartrazin,
Technetium,
Tellur,
Tellurdisulfid,
TEMPO,2
TEMPO,2
TEMPO,6
TEMPO,6-Tetramethylpiperidinyloxyl
Terbium,
Terbuthylazin,
Terephthalaldehyd,
Terephthalsäure,1
Terephthalsäure,4-Benzoldicarbonsäure
Terephthylalkohol,
Testosteron,
Tetrabrombisphenol A,TBBPA
Tetracarbonylnickel,Nickeltetracarbonyl
"2,3,7,8-Tetrachlordibenzodioxin",TCDD
Tetrachlorethen,Perchlorethen
Tetrachlorethen,Perchlorethylen
Tetrachlorethen,Per
Tetrachlorkohlenstoff,Tetrachlormethan
Tetrachlormethan,Tetrachlorkohlenstoff
"2,3,6,7-Tetrachlornaphthalin",
Tetrachlorsilan,Siliciumtetrachlorid
Tetrachlorogold(III)-Säure,
n-Tetracosan,Evenkit
Tetraethylblei,TEL
Tetraethylblei,Bleitretraethyl
Tetrafluorethan,
Tetrafluorkohlenstoff,Tetrafluormethan
Tetrafluormethan,Tetrafluorkohlenstoff
Tetrafluorpyridin,
Tetrafluorsilan,Siliciumtetrafluorid
"1,2,3,4-Tetrahydrobenzol",Cyclohexen
Tetrahydrocannabinol,THC
Tetrahydrofuran,THF
Tetrahydrofuran,Oxacyclopentan
"Tetrahydro-1,4-oxazin",Morpholin
Tetramethyldiarsan,Kakodyl
"2,2,6,6-Tetramethylpiperidinyloxyl",
Tetranatriumiminodisuccinat,
Thallium,
Thalliumbromidiodid,
Thalliumhydroxid,
Thalliumsulfat,
Theobromin,3
Theobromin,7-Dimethylxanthin
Theophyllin,1
Theophyllin,3-Dimethylxanthin
Thiamin,Vitamin B1
Thianaphthen,Benzothiophen
Thioether,
Thioharnstoff,
Thiolat,
Thionylchlorid,
Thiophosgen,
Thioschwefelsäure,
Thorium,
Thoriumdioxid,
Threarsäure,Weinsäure
Threonin,2-Amino-3-hydroxy-butansäure
Thulium,
Thymin,
Thymol,
Thyroxin,T4
Titan,
Titanborid,
Titancarbid,
Titan(III)-chlorid,
Titan(IV)-chlorid,
Titandioxid,Titanweiß
Titannitrid,
Titanylsulfat,
Titanweiß,Titandioxid
Tocopherol,Vitamin E
Toluol,Methylbenzol
Toluylendiisocyanat,TDI
Tomatin,Solanin
Tonerde,Aluminiumhydroxid
Traubenzucker,Glucose
Tribrommethan,Bromoform
Tributylzinn,TBT
Trichlormethan,Chloroform
"1,1,1-Trichlorethan",Methylchloroform
Trichlorethen,Tri
Trichlorethen,Trichlorethylen
Trichlorethylen,Trichlorethen
Trichlornitromethan,Chlorpikrin
"1,1,2-Trichlortrifluorethan",
Triclosan,
Triethylphosphit,
Trifluoressigsäure,TFA
"3,4,5-Trihydroxybenzoesäure",Gallussäure
"1,2,3-Trihydroxybenzol",Pyrogallol
"1,3,5-Trihydroxybenzol",Phloroglucin
Triiodmethan,Iodoform
Trimethylamin,
Trimethylammoniumacetat,Betain
"1,3,5-Trimethylbenzol",Mesitylen
Trimethylen,Cyclopropan
"2,3,6-Trimethylphenol",
Trimethylsilanol,
"1,3,7-Trimethylxanthin",Koffein
Trinitrobenzol,TNB
Trinitroglycerin,Glycerintrinitrat
"2,4,6-Trinitrophenol",Pikrinsäure
Trinitrotoluol,TNT
Triphenylphosphan,
Tryptophan,
Tyrosin,
Überchlorsäure,Perchlorsäure
UH 25,
Uracil,
Uran,
Urandioxid,
Uranhexafluorid,
Urethan,Ethylcarbamat
Urotropin,Methenamin
Valerensäure,
Valeriansäure,Pentansäure
Valin,2-Amino-3-methyl-butansäure
Vanadium,
Vanadium(V)-oxidtrichlorid,
Vanadiumpentoxid,Vanadium(V)-oxid
Viktoriagrün,Malachitgrün
Vinylbenzol,Styrol
Vinylethylen,Butadien
Vitamin A,Retinol
Vitamin B1,Thiamin
Vitamin B2,Riboflavin
Vitamin B3,Nicotinsäure
Vitamin B5,Pantothensäure
Vitamin B6,Pyridoxin
Vitamin B9,Folsäure
Vitamin B12,Cobalamine
Vitamin C,Ascorbinsäure
Vitamin D,Calciferol
Vitamin E,Tocopherol
Vitamin K1,Phyllochinon
Vitamin K2,Menachinon
Vitamin H,Biotin
VX,
Wasser,
Wasserstoff,
Wasserstoffchlorid,Chlorwasserstoff
Wasserstofffluorid,Fluorwasserstoff
Wasserstoffiodid,Iodwasserstoff
Wasserstoffperoxid,Perhydrol
Weinsäure,Dihydroxybernsteinsäure
Weinsäure,Threarsäure
Widia,
Wismut,Bismut
Wolfram,
Wolframarsenid,
Wolframtrioxid,
Wolframcarbid,
Wolframsulfid,
Wolframhexafluorid,
Xanthaurin,Quercetin
Xanthin,6
Xanthin,8-Dihydroxypurin
Xenon,
Xenonhexafluoroplatinat,
Xenon(VI)-oxid,
Xenondifluorid,
Xylol,Dimethylbenzol
Xylose,Holzzucker
Yohimbin,
Ytterbium,
Yttrium,
Yttriumoxid,
Yttriumphosphat,
Zellobiose,Cellobiose
Zementit,
Zink,
Zinkblende,Sphalerit
Zinkblüte,Zinkoxid
Zinkbromid,
Zinkcarbonat,
Zinkchlorid,
Zinkchromat,Zinkgelb
Zinkfluorid,
Zinkhydrid,
Zinkhydroxid,
Zinknitrat,
Zinknitrid,
Zinkjodid,
Zinkorthophosphat,
Zinkoxid,Zinkblüte
Zinkoxid,Zinkweiß
Zinkperoxid,
Zinkphosphid,
Zinkselenid,
Zinksulfat,
Zinksulfid,
Zinkweiß,Zinkoxid
Zinn,
Zinn(II)-bromid,
Zinn,II)-chlorid (Zinnsalz
Zinn(II)-fluorid,
Zinn(II)-hydroxid,
Zinn(II)-nitrat,
Zinn,II)-oxid (Zinnmonoxid
Zinn(II)-sulfat,
Zinn(II)-sulfid,
Zinn(IV)-bromid,
Zinn,IV)-chlorid (Stannichlorid
Zinn(IV)-fluorid,
Zinn,IV)-oxid (Zinndioxid
Zinn(IV)-sulfid,
Zinnhydrid,Zinnwasserstoff
Zinnphosphid,
Zinnsalz,Zinn(II)-chlorid
Zirconium,
Basisches Zirconium(IV)-carbonat,
Zirconiumkarbid,
Zirconiumdioxid,
Zitronensäure,Citronensäure
Zitronensäure,2-Hydroxy-1
Zitronensäure,2
Zitronensäure,3-propantricarbonsäure
Zucker,Saccharose
Zucker,Kohlenhydrate
Zyankali,Kaliumcyanid
Zyklisches Adenosinmonophosphat,cAMP
